source_url,release_date,page,row,bank,representative,item,currency,amount,company
https://cbl.gov.ly/wp-content/uploads/2021/05/6-19May2021.pdf,2021-05-20,1,1,مصرف األمان - الرئيس ي,عصام عمرو عياد الغالى,تالجات وفريزات وغسال,EUR,4096420,شركة أمجاد الساحل إلستيراد األجهزة واملواد الكهربائية والغير كهربائية وقطع غ
https://cbl.gov.ly/wp-content/uploads/2021/05/6-19May2021.pdf,2021-05-20,1,2,مصر ف ا ألمان - الرئيس ي,على صالح الفيتوري جويده,سجائر,USD,2700000,شركة الوطنية إلستيراد التبغ
https://cbl.gov.ly/wp-content/uploads/2021/05/6-19May2021.pdf,2021-05-20,1,3,مصرف األمان - الرئيس ي,عزالدين صالح الفيتوري جويدة,سجائر,USD,1800000,شركة املتحدة الجديدة إلستيراد التبغ والسجائر ومستلزماتها
https://cbl.gov.ly/wp-content/uploads/2021/05/6-19May2021.pdf,2021-05-20,1,4,مصرف األمان - الرئيس ي,حسا م ن صر الدين سالم الشاملى,تالجات,USD,753572,شركة املثالى الحديث الستيراد االجهزة واملواد الكهربائية وغير الكهربائية
https://cbl.gov.ly/wp-content/uploads/2021/05/6-19May2021.pdf,2021-05-20,1,5,مصرف األمان - الرئيس ي,سبتيموس شعبان صالح ابوسعود,اثاث,USD,52397,شركة سبتيموس وشركاؤه الستيراد االثاث
https://cbl.gov.ly/wp-content/uploads/2021/05/6-19May2021.pdf,2021-05-20,1,6,مصرف األمان - الرئيس ي,نبيل املهدي منصور االحول,مواد خام بي في س ي,USD,1003821,شركة البصمة الذهبية لصناعة االملونيوم والبي في س ي
https://cbl.gov.ly/wp-content/uploads/2021/05/6-19May2021.pdf,2021-05-20,1,7,مصرف األمان - الرئيس ي,محمد بلعيد األجهر اشتيوي,سيارات,USD,268163.53,شركة الوكيل إلستيراد اآلالت واملعدات الثقيلة ومستلزماتها وقطع غيارها ومعدات
https://cbl.gov.ly/wp-content/uploads/2021/05/6-19May2021.pdf,2021-05-20,1,8,مصرف األمان - الرئيس ي,صال ح م سعود محمد مسعود,حفاظات أطفال,USD,1250000,شركة العربان إلستيراد مستلزمات إالم والطفل
https://cbl.gov.ly/wp-content/uploads/2021/05/6-19May2021.pdf,2021-05-20,1,9,مصرف األمان - الرئيس ي,محمد بلعيد األجهر اشتيوي,قطع غيار,USD,17461.34,شركة الوكيل إلستيراد اآلالت واملعدات الثقيلة ومستلزماتها وقطع غيارها ومعدات
https://cbl.gov.ly/wp-content/uploads/2021/05/6-19May2021.pdf,2021-05-20,1,10,مصرف األمان - الرئيس ي,نبيل املهدي منصور االحول,مواد خام بي في س ي,USD,1500914,شركة البصمة ال ذهبية لصناعة االملونيوم والبي في س ي
https://cbl.gov.ly/wp-content/uploads/2021/05/6-19May2021.pdf,2021-05-20,1,11,مصرف الجمهورية - وكالة بحوت الطاقه,عبدهللا خليل إمحمد البرقلي,مواد تحاليل,EUR,142400,شركة املينا الستيراد املعدات واملستلزمات الطبية
https://cbl.gov.ly/wp-content/uploads/2021/05/6-19May2021.pdf,2021-05-20,1,12,مصرف الجمهورية - امليدان,أندريو كيرياكوس,مواد خام,EUR,2511960,شركة افريقيا لتعبئة املشروبات
https://cbl.gov.ly/wp-content/uploads/2021/05/6-19May2021.pdf,2021-05-20,1,13,مصرف الجمهورية - وكالة بوعطني,زهره محمد عبد القادر على,مضافات اعالف,EUR,4466000,شركة نهضة ليبيا لالستثمار الزراعي والحيواني
https://cbl.gov.ly/wp-content/uploads/2021/05/6-19May2021.pdf,2021-05-20,1,14,مصرف الجمهورية - امليدان,محمد عبدالكريم م حمد الرعيض,االت واجهزه,EUR,500000,شركة الن سيم للصناعات الغذائية
https://cbl.gov.ly/wp-content/uploads/2021/05/6-19May2021.pdf,2021-05-20,1,15,مصرف الجمهورية - احمد الشريف,محمد الطاهر احمد عيس ى,حليب,EUR,1396339.2,شركة الجيد الستيراد املواد الغدائية
https://cbl.gov.ly/wp-content/uploads/2021/05/6-19May2021.pdf,2021-05-20,1,16,مصرف الجمهورية - ميزران,عبدالعزيز بشير سليمان قداد,بطاطس,EUR,396900,شركة جسر الخليج الستيراد املواش ي واللحوم
https://cbl.gov.ly/wp-content/uploads/2021/05/6-19May2021.pdf,2021-05-20,1,17,مصرف الجمهورية - احمد الشريف,محمد الطاهر أحمد عيس ى,مواد خام,EUR,621936,شركة الجيد للصناعات الغذائية
https://cbl.gov.ly/wp-content/uploads/2021/05/6-19May2021.pdf,2021-05-20,1,18,مصرف الجمهورية - امليدان,محمد الطاهر احمد عيس ى,عصائر,EUR,435217,شركة الجيد الستيراد املواد الغذائي ة
https://cbl.gov.ly/wp-content/uploads/2021/05/6-19May2021.pdf,2021-05-20,1,19,مصرف الجمهورية - وكالة قرجى,عبدالناصر عنتر عامر دربال,مواد وتحاليل طبية,EUR,500495.76,شركة دنيا الصحة الستيراد االدوية
https://cbl.gov.ly/wp-content/uploads/2021/05/6-19May2021.pdf,2021-05-20,1,20,مصرف الجمهورية - ابي االشهر,عبداملنعم ابراهيم عبدالسالم صليل,اسمنت,EUR,275000,شركة بيوت العز لصناعة مواد البناء
https://cbl.gov.ly/wp-content/uploads/2021/05/6-19May2021.pdf,2021-05-20,1,21,مصرف الجمهورية - ابي االشهر,صدقي املهدى األمين األحرش,مواد تنظيف,EUR,512495.04,شركة غرب املتوسط إلستيراد مواد التنظيف
https://cbl.gov.ly/wp-content/uploads/2021/05/6-19May2021.pdf,2021-05-20,2,1,مصرف الجمهورية - سوق النور,طارق محمد علي الورفلي,زيت زيتون,EUR,36215.759999999995,شركة الكوف الستير اد املواد الغذائية
https://cbl.gov.ly/wp-content/uploads/2021/05/6-19May2021.pdf,2021-05-20,2,2,مصرف الجمهورية - سوق النور,طارق م حمد عل ي الورفلي,مايونيز وكاتشب,EUR,77996.52,شركة الكوف الستير اد املواد الغذائية
https://cbl.gov.ly/wp-content/uploads/2021/05/6-19May2021.pdf,2021-05-20,2,3,مصرف الجمهورية - امليدان,عبدالعاطى بلعيد احمد املشيخى,مصاريف اشتراك خدمة,EUR,67375,شركة الخطوط الجوية الليبية
https://cbl.gov.ly/wp-content/uploads/2021/05/6-19May2021.pdf,2021-05-20,2,4,مصرف الجمهو رية - امليد ان,عبدالعاطى بلعيد احمد املشيخى,مصاريف عبور,EUR,113021.75,شركة الخطوط الجوية الليبية
https://cbl.gov.ly/wp-content/uploads/2021/05/6-19May2021.pdf,2021-05-20,2,5,مصرف الجمهورية - امليدان,عبدالعاطى بلعيد احمد املشيخى,قطع غيار,EUR,22685,شركة الخطوط الجوية الليبية
https://cbl.gov.ly/wp-content/uploads/2021/05/6-19May2021.pdf,2021-05-20,2,6,مصرف الجمهورية - امليدان,عبدالعاطى بلعيد احمد املشيخى,اجراء دورات تخصصية,EUR,36200,شركة الخطوط الجوية الليبية
https://cbl.gov.ly/wp-content/uploads/2021/05/6-19May2021.pdf,2021-05-20,2,7,مصرف الجمهورية - امليدان,عبدالعاطى بلع يد احمد املشيخى,اشتراك سنويللمستندات,EUR,49348.48,شركة الخطوط الجوية الليبية
https://cbl.gov.ly/wp-content/uploads/2021/05/6-19May2021.pdf,2021-05-20,2,8,مصرف الجمهورية - امليدان,عبدالعاطى بلعيد احمد املشيخى,صيانة قطع غيار,EUR,19435,شركة الخطوط الجوية الليبية
https://cbl.gov.ly/wp-content/uploads/2021/05/6-19May2021.pdf,2021-05-20,2,9,مصرف الجمهورية - امليدان,عبدالعاطى بلعيد احمد املشيخى,ع ب ور االجواء املصرية,EUR,100597.76,شركة الخطوط الجوية الليبية
https://cbl.gov.ly/wp-content/uploads/2021/05/6-19May2021.pdf,2021-05-20,2,10,مصرف شمال افريقيا - الفرع الرئيس ي,مصطفي محمد معتوق معتوق,سداد فاتورة,EUR,50024.36,شركة الخطوط الجوية االفريقية
https://cbl.gov.ly/wp-content/uploads/2021/05/6-19May2021.pdf,2021-05-20,2,11,مصرف الجمهورية - احمد الشريف,هيثم سليمان حسين حسين,سيار ات,USD,1877000,شركة دروب ليبيا الستراد وسائل النقل وملحقاتها
https://cbl.gov.ly/wp-content/uploads/2021/05/6-19May2021.pdf,2021-05-20,2,12,مصرف الجمهورية - امليدان,عبد الكريم ناجي احمد وهيبة,أرز,USD,3525000,شركة وادي الكوف للمطاحن واألعالف ومضارب األرز
https://cbl.gov.ly/wp-content/uploads/2021/05/6-19May2021.pdf,2021-05-20,2,13,مصرف الجمهورية - مصراته امليدان,علي سعيد علي شقلوف أ بوبريدعه,معدات وتج هيزات,USD,700000,شركة يهدين إلستيراد وسائل النقل املختلفة وقطع غيارها
https://cbl.gov.ly/wp-content/uploads/2021/05/6-19May2021.pdf,2021-05-20,2,14,مصرف الجمهورية - امليدان,علي احمد محمد,زيت طهي,USD,3959200,شركة املزرعة الدولية الستيراد املواد الغدائية
https://cbl.gov.ly/wp-content/uploads/2021/05/6-19May2021.pdf,2021-05-20,2,15,مصرف الجمهورية - الصيرفه االسالميه فشلوم,محمد عادل محمد الدويهش,اعال ف,USD,1395481,شركة مراعي الغذاء لصناعة االعالف وطحن الحبوبومشتقاتها
https://cbl.gov.ly/wp-content/uploads/2021/05/6-19May2021.pdf,2021-05-20,2,16,مصرف الجمهورية - امليدان,علي احمد محمد,لحوم مجمدة,USD,3600000,شركة املزرعة الدولية الستيراد املواد الغدائية
https://cbl.gov.ly/wp-content/uploads/2021/05/6-19May2021.pdf,2021-05-20,2,17,مصرف الجمهورية - ميزران,عبدا لعزي ز بشير سليمان قداد,دجاج مجمد,USD,1595000,شركة جسر الخليج الستيراد املواش ي واللحوم
https://cbl.gov.ly/wp-content/uploads/2021/05/6-19May2021.pdf,2021-05-20,2,18,مصرف الجمهورية - بحوث النفط,بشير سليمان قداد أنور,زيت املروة,USD,855307.2,شركة زهرةاألمل الستيراد املواد الغذائية و املواش ي و اللحوم
https://cbl.gov.ly/wp-content/uploads/2021/05/6-19May2021.pdf,2021-05-20,2,19,مصرف الجمهورية - مصراته امليدان,علي سعيد علي شقلوف أبوبريدعه,معدات وتجهيزات,USD,500000,شركة يهدين إلستيراد وسائل النقل املختلفة وقطع غيارها
https://cbl.gov.ly/wp-content/uploads/2021/05/6-19May2021.pdf,2021-05-20,2,20,مصرف الجمهورية - امليدان,علي احمد محمد,زيت طهي,USD,3959200,شركة املزرعة الدولية الستيراد املواد الغدائية
https://cbl.gov.ly/wp-content/uploads/2021/05/6-19May2021.pdf,2021-05-20,2,21,مصرف الجمهورية - ابي االشهر,علي محمد الهادي ابوكرازه,االالت,USD,653450,شركة أبعاد النماء للمطاحن واألعالف و الصناعات الغذائية
https://cbl.gov.ly/wp-content/uploads/2021/05/6-19May2021.pdf,2021-05-20,2,22,مصرف الجمهورية - با لخير,محمد على محمد الهيبلو,مصاريف شحن,USD,444000,شركة الهيبلو العاملية للتوكيالت املالحية
https://cbl.gov.ly/wp-content/uploads/2021/05/6-19May2021.pdf,2021-05-20,2,23,مصرف الجمهورية - ابي االشهر,عما د م حمد الهادي ابوكرازه,قمح,USD,9271800,شركة نخبة املهندسين للمطاحن واملعكرونة واالعالف
https://cbl.gov.ly/wp-content/uploads/2021/05/6-19May2021.pdf,2021-05-20,2,24,مصرف الجمهورية - حى األندلس,اسماعيل صال ح مسعود مسعود,حفاظات,USD,2264400,شركة دانة االبداع الستيراد مستلزمات االم والطفل
https://cbl.gov.ly/wp-content/uploads/2021/05/6-19May2021.pdf,2021-05-20,2,25,مصرف الجمهورية - امليدان,طالل رضوان الطاهر الطاهر,ار سي ات,USD,1435394,شركة جديد االمة الستيراد السيارات وقطع غيارها ومستلزماتها
https://cbl.gov.ly/wp-content/uploads/2021/05/6-19May2021.pdf,2021-05-20,2,26,مصرف الجمهورية - احمد الشريف,عبدالسالم منصور مفتاح شغيب,لفائف والواح حديد,USD,1150345,مصنع الحرية لصناعة الصفائح الشبكية
https://cbl.gov.ly/wp-content/uploads/2021/05/6-19May2021.pdf,2021-05-20,3,1,مصرف الجمهورية - سوق النور,موس ي صالح محمد صالح,تونة,USD,610913.5,شركة خير العطاء الستيراد املواد الغذائية
https://cbl.gov.ly/wp-content/uploads/2021/05/6-19May2021.pdf,2021-05-20,3,2,مصرف الجمهورية - وكالة بوعطني,ايمن مصباح احمد وهيبة,االالت,USD,6366000,شركة مجموعة املتحدة للمطاحن و ألعالف
https://cbl.gov.ly/wp-content/uploads/2021/05/6-19May2021.pdf,2021-05-20,3,3,م ص رف الجمهورية - ابي االشهر,عائشة عبدهللا خلف أبوراوى,ذرة,USD,1457000,شركة البروج املتحدة االولى الستيراد الحبوب واالعالف
https://cbl.gov.ly/wp-content/uploads/2021/05/6-19May2021.pdf,2021-05-20,3,4,مصرف الجمهورية - وكالة بوعطني,عزالدين عمرو م وس ى الدبسكى,ذرة,USD,8820000,شركة الوصال الليبية للمطاحن و االعالف
https://cbl.gov.ly/wp-content/uploads/2021/05/6-19May2021.pdf,2021-05-20,3,5,مصرف الجمهورية - امليدان,سعده عثمان على الفارس,قمح,USD,4410000,شركة طرابلس االولى للمطاحن واألعالف
https://cbl.gov.ly/wp-content/uploads/2021/05/6-19May2021.pdf,2021-05-20,3,6,مصرف الجمهورية - امليدان,سعده عثمان على الفارس,قمح,USD,5040000,شركة ط رابلس االولى للمطاحن واألعالف
https://cbl.gov.ly/wp-content/uploads/2021/05/6-19May2021.pdf,2021-05-20,3,7,مصرف الجمهورية - امليدان,سعده عثمان على الفارس,ذرة,USD,4455000,شركة طرابلس االولى للمطاحن واألعالف
https://cbl.gov.ly/wp-content/uploads/2021/05/6-19May2021.pdf,2021-05-20,3,8,مصرف الجمهورية - املدينة بنغازي,عبدهللا ابراهيم محمد هنداوي,جبنة,USD,729000,شركة شروق ليبيا الستيراد املواد الغذائية
https://cbl.gov.ly/wp-content/uploads/2021/05/6-19May2021.pdf,2021-05-20,3,9,مصرف الجمهورية - املختار للصر افة االسالمية,صالح املهدي عبدهللا حسين,مواد خام لصناعه الحل,USD,357550,مصنع الربيعي لصناعة الحلويات و تعبئة و تغليف البقوليات
https://cbl.gov.ly/wp-content/uploads/2021/05/6-19May2021.pdf,2021-05-20,3,10,مصرف الجمهورية - النور سوق,موس ي صالح محمد صالح,فول,USD,150000,شركة خير العطاء الستيراد املواد الغذائية
https://cbl.gov.ly/wp-content/uploads/2021/05/6-19May2021.pdf,2021-05-20,3,11,مصرف الجمهورية - ابي االشهر,يوسف ميالد على العمارى,قمح,USD,1750500,شركة اضواء القره بوللي ملطاحن الدقيق
https://cbl.gov.ly/wp-content/uploads/2021/05/6-19May2021.pdf,2021-05-20,3,12,مصرف الجمهورية - امليدان,جابر احمد محمد وهيبه,تن,USD,504000,شركة غداء النيل الستيراد املواد الغدائية
https://cbl.gov.ly/wp-content/uploads/2021/05/6-19May2021.pdf,2021-05-20,3,13,مصرف الجمهورية - سوق النور,طارق محمد محمد املقصبي,شاشات,USD,729650,شركة امواج الطيف الستيراد االجهزة االلكترونية والكهربائية
https://cbl.gov.ly/wp-content/uploads/2021/05/6-19May2021.pdf,2021-05-20,3,14,مصرف الجمهورية املختار للصيرفة السالمية,احمد عبد الحميد مراجع حمد محمد,أجهزة موبايل,USD,689000,شركة بيت العز الستيراد االجهزة االلكترونية
https://cbl.gov.ly/wp-content/uploads/2021/05/6-19May2021.pdf,2021-05-20,3,15,مصرف الجمهورية - املدنية بنغازي,وفدي سيد عبدالعزيز حمزة,اجهزة استقبال,USD,150815,شركة املتفوقة الستيراد االلكترونات
https://cbl.gov.ly/wp-content/uploads/2021/05/6-19May2021.pdf,2021-05-20,3,16,مصرف الجمهورية - امليدان,جاب ر ا حمد محمد وهيبه,عصير,USD,1605015.44,شركة غداء النيل الستيراد املواد الغدائية
https://cbl.gov.ly/wp-content/uploads/2021/05/6-19May2021.pdf,2021-05-20,3,17,مصرف الجمهورية - سوق النور,طارق محمد علي الورفلي,تونة,USD,239760,شركة الكوف الستير اد املواد الغذائية
https://cbl.gov.ly/wp-content/uploads/2021/05/6-19May2021.pdf,2021-05-20,3,18,مصرف الجمهورية - املقريف,بشير سليمان أبوعجيلةقداد,ارز,USD,500250,شركة سكرة العاملية الستيراد املواد الغذائية
https://cbl.gov.ly/wp-content/uploads/2021/05/6-19May2021.pdf,2021-05-20,3,19,مصرف الجمهورية - امليدان,عبدالعاطى بلعيد احمد املشيخى,شراء قطع غيار,USD,99968.3,شركة الخ طوط الجوية الليبية
https://cbl.gov.ly/wp-content/uploads/2021/05/6-19May2021.pdf,2021-05-20,3,20,مصرف الجمهورية - امليدان,عبدالعاطى بلعيد احمد املشيخى,قطع غيار,USD,11599.31,شركة الخطوط الجوية الليبية
https://cbl.gov.ly/wp-content/uploads/2021/05/6-19May2021.pdf,2021-05-20,3,21,مصرف الجمهورية - امليدان,عبدالعاطى بلعيد احمد املشيخى,مقابل اشتراك سنوي,USD,45431,شركة الخطوط الجوية الليبية
https://cbl.gov.ly/wp-content/uploads/2021/05/6-19May2021.pdf,2021-05-20,3,22,مصرف الجمهورية - امليدان,عبدالعاطى بلعيد احمد املشيخى,اشتراك في االتصال,USD,16245.97,شركة الخطوط الجوية الليبية
https://cbl.gov.ly/wp-content/uploads/2021/05/6-19May2021.pdf,2021-05-20,3,23,مصرف الجمهورية - املختار للصر افة االسالمية,عبدهللا ابراهيم فرج ابراهيم,قمح,USD,7800000,شركة مائدة بنغازي الخير لصناعات الغذائية و ضرب الحبوب
https://cbl.gov.ly/wp-content/uploads/2021/05/6-19May2021.pdf,2021-05-20,3,24,مصرف الجمهورية - امليدان,علي احمد محمد,سكر,USD,4291000,شركة املزرعة الدولية الستيراد املواد الغدائية
https://cbl.gov.ly/wp-content/uploads/2021/05/6-19May2021.pdf,2021-05-20,3,25,مصرف الجمهورية - سوق النور,محمد على ابوبكر الزبته ابوحنك,اطارات,USD,228093.12,شركة االطار الستيراد وسائل النقل وملحقاتها
https://cbl.gov.ly/wp-content/uploads/2021/05/6-19May2021.pdf,2021-05-20,3,26,مصرف الجمهورية - سوق النور,محمد عمر عبدالسالم عمر االطيرش,جرانيت,USD,175000,شركة حجر ليبيا لصناعة الرخام
https://cbl.gov.ly/wp-content/uploads/2021/05/6-19May2021.pdf,2021-05-20,4,1,مصرف الجمهورية - سوق النور,محمد عمر عبدالسالم عمر ا الطيرش,رخام,USD,498000,شركة حجر ليبيا لصناعة الرخام
https://cbl.gov.ly/wp-content/uploads/2021/05/6-19May2021.pdf,2021-05-20,4,2,مصرف املتحد - الفرع الرئيس ي,سليمان عيس ي سالم العزابي,توريد االوراق,USD,239500,شركة معامالت للخدمات العامة
https://cbl.gov.ly/wp-content/uploads/2021/05/6-19May2021.pdf,2021-05-20,4,3,مصرف املتحد - الفرع الرئيس ي,سالم امحمد علي اعنيبة,مواد خام,USD,727920,شركة انابيب مصراتة لصناعة االنابي ب البالستكية
https://cbl.gov.ly/wp-content/uploads/2021/05/6-19May2021.pdf,2021-05-20,4,4,مصرف املتحد - الفرع الرئيس ي,عبد الناصر عبد السالم أحمد الجفال,قمح,USD,900000,شركة الوتد للمطاحن واالعالف ذات املسؤولية املحدودة
https://cbl.gov.ly/wp-content/uploads/2021/05/6-19May2021.pdf,2021-05-20,4,5,مص رف املتحد - الفرع الرئيس ي,عبد الناصر عبد السالم أحمد الجفال,قمح,USD,750000,شركة الوتد للمطاحن واالعالف ذات املسؤولية املحدودة
https://cbl.gov.ly/wp-content/uploads/2021/05/6-19May2021.pdf,2021-05-20,4,6,مصرف املتحد لتجارة واالستثمار ـ فرع طرابلس,محمد عمر محمد املطاوع,نقاالت,USD,430605,شركة تواصل ليبيا الستيراد االلكترونيات املساهمة
https://cbl.gov.ly/wp-content/uploads/2021/05/6-19May2021.pdf,2021-05-20,4,7,مصرف املتحد لتجارة واالستثمار ـ فرع طرابلس,علي أحمد سال م سليمان,مواد تنظيف,USD,374348,شركة مطلع الفجر الستيراد مواد التنظيف و مواد الزينة
https://cbl.gov.ly/wp-content/uploads/2021/05/6-19May2021.pdf,2021-05-20,4,8,مصرف املتحد - الفرع الرئيس ي,الصديق مفتاح سليمان سبس ي,ألواح كوبست,USD,82443.2,شركة القلعة السنيراد االلومونيوم
https://cbl.gov.ly/wp-content/uploads/2021/05/6-19May2021.pdf,2021-05-20,4,9,مصرف املتحد لتجارة واالستثمار ـ فرع طرابلس,مفتاح سالم على ابوسنينة,جبنة مثل ثات,USD,693352.9600000001,شركة الريشة الذهبية الستيراد املواد الغذائية ذات مسؤولية محدودة
https://cbl.gov.ly/wp-content/uploads/2021/05/6-19May2021.pdf,2021-05-20,4,10,مصرف املتحد - وكالة الكريمية,عبدالحافظ محمد ضوء اعبان,قطع غيار,USD,35131.8,شركة االتحاد للصناعات البالستيكية املساهمة
https://cbl.gov.ly/wp-content/uploads/2021/05/6-19May2021.pdf,2021-05-20,4,11,مصرف املتحد - وكالة الكريمية,عبدالحافظ محمد ضوء اعبان,مواد خام,USD,95580,شركة االتحاد للصناعات البالستيكية املساهمة
https://cbl.gov.ly/wp-content/uploads/2021/05/6-19May2021.pdf,2021-05-20,4,12,مصرف املتحد - الفرع الرئيس ي,احمد محمد احمد زغبية,مالبس واحدية,USD,374870.31,شركة ميغا سبورت الستيراد املالبس واالحذية
https://cbl.gov.ly/wp-content/uploads/2021/05/6-19May2021.pdf,2021-05-20,4,13,مصرف املتحد - ال فرع الرئيس ي,وليد ادم عمر الشاعري,مالبس و احدية,USD,1142993.92,شركة الرائد الستيراد املالبس واالحذية الرياضية ذات مسؤولية محدودة
https://cbl.gov.ly/wp-content/uploads/2021/05/6-19May2021.pdf,2021-05-20,4,14,مصرف املتحد - الفرع الرئيس ي,عالء عزالدين سالم كرناف,جبنة شرايح,EUR,201968.64,شركة الفرداس إلستيراد املواد الغدائية
https://cbl.gov.ly/wp-content/uploads/2021/05/6-19May2021.pdf,2021-05-20,4,15,مصرف املتحد - الفرع الرئيس ي,محمد عمر الفيتوري السويحلي,فالتر زيت,EUR,758819.8,شركة قوميستي لخدمات السيارات والصيانة السريعة
https://cbl.gov.ly/wp-content/uploads/2021/05/6-19May2021.pdf,2021-05-20,4,16,مصرف املتحد - فرع جنزور,عبدالحفيظ املهدي سعيد فتروش,اكسسورات بي في س ي,EUR,47700,شركة افاق التطوير لصناعة االملونيوم والبي في س ي
https://cbl.gov.ly/wp-content/uploads/2021/05/6-19May2021.pdf,2021-05-20,4,17,مصرف الجمهورية - وكالة بوعطني,ايمن مصباح احمد وهيبة,مضافات,USD,5622100,شركة مجموعة املتحدة للمطاحن و ألعالف
https://cbl.gov.ly/wp-content/uploads/2021/05/6-19May2021.pdf,2021-05-20,4,18,مصرف املتحد لتجارة واالستثمار ـ فرع طرابلس,علي أحمد سالم سليمان,مواد تنظيف,EUR,227226.91,شركة مطلع الفجر الستيراد مواد التنظيف و مواد الزينة
https://cbl.gov.ly/wp-content/uploads/2021/05/6-19May2021.pdf,2021-05-20,4,19,مصرف شمال افريقيا - الفرع الرئيس ي,عبدالباسط عبدالحفيظ السنوس ي كريم,معدات تطوير,EUR,1508782.86,شركة ليبيا لالتصاالت والتقنية املساهمة
https://cbl.gov.ly/wp-content/uploads/2021/05/6-19May2021.pdf,2021-05-20,4,20,مصرف شمال افريقيا - الفرع الرئيس ي,عبدالباسط عبدالحفيظ السنوس ي كريم,عقد مبيعات,EUR,2000000,شركة ليبيا لالتصاالت والتقنية املساهمة
https://cbl.gov.ly/wp-content/uploads/2021/05/6-19May2021.pdf,2021-05-20,4,21,مصرف شمال افريقيا - فرع مصراتة,سمية محمد بشير ابودبوس,شكالطة,EUR,645500,شركة الشوف الجديد الستيرا د املواد الغدائية
https://cbl.gov.ly/wp-content/uploads/2021/05/6-19May2021.pdf,2021-05-20,4,22,مصرف شمال افريقيا - الفرع الرئيس ي,مصطفي محمد معتوق معتوق,سداد فواتير,EUR,74750,شركة الخطوط الجوية االفريقية
https://cbl.gov.ly/wp-content/uploads/2021/05/6-19May2021.pdf,2021-05-20,4,23,مصرف شمال افريقيا - الفرع الرئيس ي,مصطفي محمد معتوق معتوق,A-ONB 5 طائرة نة صيا,EUR,616860,شركة الخطوط الجوية اال فريقية
https://cbl.gov.ly/wp-content/uploads/2021/05/6-19May2021.pdf,2021-05-20,4,24,مصرف شمال افريقيا - الفرع الرئيس ي,مصطفي محمد معتوق معتوق,سداد فاتورة صيانة,EUR,306125,شركة الخطوط الجوية االفريقية
https://cbl.gov.ly/wp-content/uploads/2021/05/6-19May2021.pdf,2021-05-20,4,25,مصرف شمال افريقيا - فرع مصراتة,أحمد إمحمد ميالد املزوغى,مواد خا م,EUR,730800,مصنع العاملية الجديدة لصناعة البالستيك
https://cbl.gov.ly/wp-content/uploads/2021/05/6-19May2021.pdf,2021-05-20,4,26,مصرف النوران ـ فرع برج طرابلس االسالمي,وسام احمد محمد املصري,AIRCRAFT LEASE AGREE,USD,585000,شركة االجنحة الليبية للطيران املساهمة
https://cbl.gov.ly/wp-content/uploads/2021/05/6-19May2021.pdf,2021-05-20,5,1,مصرف النوران ـ فرع برج طرابلس االسالمي,وسام احمد محمد املصري,AIRCRAFT LEASE AGREE,USD,430023.68,شركة االجنحة الليبية للطيران املساهمة
https://cbl.gov.ly/wp-content/uploads/2021/05/6-19May2021.pdf,2021-05-20,5,2,مصرف النوران ـ فرع برج طرابلس االسالمي,جالل بالناصر بشير الصادى,حواالت تأمين طيران,USD,276401.76,الشركة املتحدة للتأمين املساهمة
https://cbl.gov.ly/wp-content/uploads/2021/05/6-19May2021.pdf,2021-05-20,5,3,مصرف النوران ـ فرع برج طرابلس االسالمي,جالل بالناصر بشير الصادى,ح و االت تأمين طيران,USD,276401.76,الشركة املتحدة للتأمين املساهمة
https://cbl.gov.ly/wp-content/uploads/2021/05/6-19May2021.pdf,2021-05-20,5,4,مصرف النوران ـ فرع برج طرابلس االسالمي,جالل بالناصر بشير ا لصادى,حواالت تأمين طيران,USD,276401.76,الشركة املتحدة للتأمين املساهمة
https://cbl.gov.ly/wp-content/uploads/2021/05/6-19May2021.pdf,2021-05-20,5,5,مصرف النوران ـ فرع برج طرابلس االسالمي,وسام احمد محمد املصري,PARTS+MAINTINANCE,EUR,204419.87,شركة االجنحة الليبية للطيران املساهمة
https://cbl.gov.ly/wp-content/uploads/2021/05/6-19May2021.pdf,2021-05-20,5,6,مصرف السراي - الفرع الرئيس ي,عوض جمعة سالم مختار,مضخات,USD,268002,شركة العين للصناعات الغذائية وتعبئة املياه والعصائر
https://cbl.gov.ly/wp-content/uploads/2021/05/6-19May2021.pdf,2021-05-20,5,7,مصرف السراي - الفرع الرئيس ي,عبدالهادي محمد ميالد نصر,تطبيق هاتف ودعم فني,USD,200000,شركة العنكبوت الليبي لتقنية املعلومات
https://cbl.gov.ly/wp-content/uploads/2021/05/6-19May2021.pdf,2021-05-20,5,8,مصرف السراي - الفرع الرئيس ي,خالد خليل خليفة القزاز,شكالطة,USD,314592.73000000004,شركة املتين الستيراد املواد الغدائية
https://cbl.gov.ly/wp-content/uploads/2021/05/6-19May2021.pdf,2021-05-20,5,9,مصرف السراي - الفرع الرئيس ي,محمد ابوبكر صالح كاره الغاوي,سيارا ت,EUR,407340,شركة اجود املحركات الستيراد السيارات
https://cbl.gov.ly/wp-content/uploads/2021/05/6-19May2021.pdf,2021-05-20,5,10,مصرف السراي - الفرع الرئيس ي,أكرم رجب ابوشناف العطوي,حية عجول,EUR,376250,شركة االتحاد الحر الستيراد املواش ي
https://cbl.gov.ly/wp-content/uploads/2021/05/6-19May2021.pdf,2021-05-20,5,11,مصرف الواحة - رع تاجوراء,املحبوب محمد أبومنجل ابوزو يدة,نضائد,USD,47369.2,شركة الدقة االمنة الستيراد وسائل النقل و ملحقاتها
https://cbl.gov.ly/wp-content/uploads/2021/05/6-19May2021.pdf,2021-05-20,5,12,مصرف الواحة - وكاله سوق الجمعه,زينب الطاهر محمد أبو عليقة الدعاس,اكسسوارات الومنيوم,USD,130011,شركة الجهد املثمر لصناعة البي في س ي
https://cbl.gov.ly/wp-content/uploads/2021/05/6-19May2021.pdf,2021-05-20,5,13,مصرف الواح ة - فرع مصراته,عمر محمد عمر الطبال,ادوية,USD,327800,شركة امليس الستيراد االدوية واملستحضرات الطبية ومسنلزمات االم والطفل
https://cbl.gov.ly/wp-content/uploads/2021/05/6-19May2021.pdf,2021-05-20,5,14,مصرف الواحة - وكاله سوق الجمعه,محمدالكونى محمد اسويرى,الواح عازلة,USD,219285,مصنع جبل الجليد لصناعة غرف التبريد واملشغوالت املعدنية
https://cbl.gov.ly/wp-content/uploads/2021/05/6-19May2021.pdf,2021-05-20,5,15,مصرف الصحاري - األندلس,محمد عمر امحمد كرير,مستلزمات انتاج,USD,49700,شركة املعدن الليبي للصناعات الحديدية والهناقر
https://cbl.gov.ly/wp-content/uploads/2021/05/6-19May2021.pdf,2021-05-20,5,16,مصرف الصحاري - جنزور,مالك الجيالني محمد الزروق,أدوية,USD,45110,شركة التقنية الجديدة الستيراد االدوية واملعدات الطبية ومستلزمات االم والطفل
https://cbl.gov.ly/wp-content/uploads/2021/05/6-19May2021.pdf,2021-05-20,5,17,مصرف الصحاري - الزاوية,عالء الدين البشير صالح ابو قشوطة,بن,USD,150720,شركة قصور سكرة الستيراد املواد الغذائية واللحوم و املواش ي
https://cbl.gov.ly/wp-content/uploads/2021/05/6-19May2021.pdf,2021-05-20,5,18,مصرف - الرشيد الصحاري,سالم محمد ضو بن غيث,مالبس سعودية,USD,112374,شركة املصدر الوحيد الستيراد املالبس واملنسوجات
https://cbl.gov.ly/wp-content/uploads/2021/05/6-19May2021.pdf,2021-05-20,5,19,مصرف - الزاوية الصحاري,سمية علي محمد رجب,شمعة احتراق سيارات,USD,237600,شركة الصداقة الدولية الستيراد وسائل النقل املختلفة وقطع غيارها
https://cbl.gov.ly/wp-content/uploads/2021/05/6-19May2021.pdf,2021-05-20,5,20,مصرف - الرئيس ى الصحاري,علي محمد عمران الغزيوي,خدمات مشروع,USD,182045,شركة ليبيانا للهاتف املحمول
https://cbl.gov.ly/wp-content/uploads/2021/05/6-19May2021.pdf,2021-05-20,5,21,مصرف - الرئيس ى الصحاري,علي محمد عمران ا لغزيوي,LIBYANA 700KVA,USD,98832,شركة ليبيانا لل هاتف املحمول
https://cbl.gov.ly/wp-content/uploads/2021/05/6-19May2021.pdf,2021-05-20,5,22,مصرف الصحاري - وكالة كورنثيا,سعده عثمان على الفارس,مسنلزمات انتاج,USD,2418000,شركة الجبل الخضر لصناعة وتعبئة الزيوت الباتية والصناعات الغدائية
https://cbl.gov.ly/wp-content/uploads/2021/05/6-19May2021.pdf,2021-05-20,5,23,مصرف الصحاري - وكالة كورنثيا,سعده عثمان على الفارس,مستلزمات انتاج,USD,2550600,شركة الجبل الخضر لصناعة وتعبئة الزيوت الباتية والصناعات الغدائية
https://cbl.gov.ly/wp-content/uploads/2021/05/6-19May2021.pdf,2021-05-20,5,24,مصرف ال صحاري - الرشيد,محمد بشير بو عجيلة املصري,رخام,EUR,43063.32,شركة الرفاقة الستيراد مواد البناء واملواد الصحية
https://cbl.gov.ly/wp-content/uploads/2021/05/6-19May2021.pdf,2021-05-20,5,25,مصرف الصحاري - الرشيد,سند الدين عبدالحكيم الصيد الصيد,مواد بناء,EUR,19884.24,شركة اليرموك املتألق الستيراد مواد البناء واملوا د الصحية وملحقاتها ذ.م.م
https://cbl.gov.ly/wp-content/uploads/2021/05/6-19May2021.pdf,2021-05-20,5,26,مصرف الخليج االول الليبي,عبد اللطيف محمد محمد املحجوب,زيوت سيارات,EUR,270661.6,شركة ادري الستيراد وسائل النقل وملحقاتها
https://cbl.gov.ly/wp-content/uploads/2021/05/6-19May2021.pdf,2021-05-20,6,1,مصرف الخليج االول الليبي,نور الدين محمد مفتاح اوحيدة,حليب أطفال,EUR,370090,شركة البركة الصافية الستيرا د األدوية واملستحضرات الطبي ة ومستلزمات األم و
https://cbl.gov.ly/wp-content/uploads/2021/05/6-19May2021.pdf,2021-05-20,6,2,مصرف الخليج االول الليبي,عبد الخالق حسن محمد بن عاشور,دعم فني,EUR,27500,شركة املدار الجديد
https://cbl.gov.ly/wp-content/uploads/2021/05/6-19May2021.pdf,2021-05-20,6,3,مصرف الجمهورية - امليدان,جابر احمد محمد وهيبه,شاهي,USD,510000,شركة غداء النيل الستيراد املواد الغدائية
https://cbl.gov.ly/wp-content/uploads/2021/05/6-19May2021.pdf,2021-05-20,6,4,مصرف الخليج االول الليبي,عالء عز الدين سالم كرناف,عصائر,EUR,195361.6,شركة فرداس الستيراد املواد الغذائية واملواش ي واللحوم
https://cbl.gov.ly/wp-content/uploads/2021/05/6-19May2021.pdf,2021-05-20,6,5,مصرف الخليج االول ا لليبي,علي امحمد على شبل,أدوية,EUR,463000,شركة العلمية إلستيراد االدوية واملستحضرات الطبية ومس تلزمات االم والطفل
https://cbl.gov.ly/wp-content/uploads/2021/05/6-19May2021.pdf,2021-05-20,6,6,مصرف الخليج الليبي االول,عبد املنعم خليفة احمد الحجاجي,خدمة تجوال,EUR,25034,شركة ليبيانا للهاتف املحمول
https://cbl.gov.ly/wp-content/uploads/2021/05/6-19May2021.pdf,2021-05-20,6,7,مصرف الخليج الليبي االول,عبد الناصر العربى املبروك بلعيد,مواد صحي ة,EUR,48275,شركة التواصل املتكامل إلستيراد مواد البناء
https://cbl.gov.ly/wp-content/uploads/2021/05/6-19May2021.pdf,2021-05-20,6,8,مصرف الخليج الليبي االول,سمير عبدالستار محمد عارف الشويهدى,مستلزمات عناية بالجس,EUR,376035.83999999997,شركة عطر إلستيراد مواد التنظيف الشرق
https://cbl.gov.ly/wp-content/uploads/2021/05/6-19May2021.pdf,2021-05-20,6,9,مصرف الخليج الليبي االول,عبد ا ملنعم خليفة احمد الحجاجي,خدمة تجوال,EUR,61571.09,شركة ليبيانا للهاتف املحمول
https://cbl.gov.ly/wp-content/uploads/2021/05/6-19May2021.pdf,2021-05-20,6,10,مصرف الخليج الليبي االول,عادل بشير محمد ابوفارس,خدمة تجوال,EUR,279545.45,شركة االتصاالت الدولية الليبية
https://cbl.gov.ly/wp-content/uploads/2021/05/6-19May2021.pdf,2021-05-20,6,11,مصرف الخليج الليب ي االول,عادل بشير محمد ابوفارس,دعم فني,EUR,60000,شركة االتصاالت الدولية الليبية
https://cbl.gov.ly/wp-content/uploads/2021/05/6-19May2021.pdf,2021-05-20,6,12,مصرف الخليج االول الليبي,زياد املهدي محمد الدريبي,مكرونة,EUR,284556,شركة املوارد املتحدة إلستيراد املواد الغذائية
https://cbl.gov.ly/wp-content/uploads/2021/05/6-19May2021.pdf,2021-05-20,6,13,مصرف الخليج االول الليبي,زياد املهدي محمد الدريبي,تونة,EUR,251008,شركة املوارد املتحدة إلستيراد املواد الغذائية
https://cbl.gov.ly/wp-content/uploads/2021/05/6-19May2021.pdf,2021-05-20,6,14,مصرف الوفاء ـ الفرع الرئيس ي,املبرك نجم الدين حسن الغول,مستلزمات طبية,USD,113460,شركة طرابلس الدول ية الستيراداملعدا ت الطبية واالدوات واملستحضرات الطبية
https://cbl.gov.ly/wp-content/uploads/2021/05/6-19May2021.pdf,2021-05-20,6,15,م ص رف الوفاء ـ الفرع الرئيس ي,ابراهيم عثمان عبدهللا فليفل,قالئ دوأساور,USD,1180595,شركة االبريق الدولية الستيراد الذهب واملعادن الثمينة
https://cbl.gov.ly/wp-content/uploads/2021/05/6-19May2021.pdf,2021-05-20,6,16,مصرف الوفاء ـ الفرع الرئيس ي,عصام عبدهللا عمر اذياب,قالئدوأساور وخواتم,USD,933991,شركة أيوان الستيراد الحلي واملجوهرات واالحجار الكريمة واملعادن الثمينة
https://cbl.gov.ly/wp-content/uploads/2021/05/6-19May2021.pdf,2021-05-20,6,17,مصرف الوفاء - وكالة دات العماد,شكرى محمد مسعود ابونوارة,قطع غي ار,USD,302120,شركة املحرك السريع الستيراد السيارات وقطع غيارها
https://cbl.gov.ly/wp-content/uploads/2021/05/6-19May2021.pdf,2021-05-20,6,18,مصرف الجمهورية - الط بي بنغازي,الحسن عمر عبدالسالم االطيرش,دجاج مجمد,USD,204516,شركة مراعي الوطن الستيراد املواش ي و اللحوم
https://cbl.gov.ly/wp-content/uploads/2021/05/6-19May2021.pdf,2021-05-20,6,19,مصرف الجمهورية - الطبي بنغازي,الحسن عمر عبدالسالم االطيرش,دجاج م جمد,USD,198064,شركة مراعي الوطن الستيراد املواش ي و اللحوم
https://cbl.gov.ly/wp-content/uploads/2021/05/6-19May2021.pdf,2021-05-20,6,20,مصرف الخليج الليبي االول,عبد الخالق حسن محمد بن عاشور,دعم فني,USD,7000,شركة املدار الجديد
https://cbl.gov.ly/wp-content/uploads/2021/05/6-19May2021.pdf,2021-05-20,6,21,مصرف الخليج الليبي االول,عادل بشير محمد ابوفارس,خدمة تجوال,USD,15371.59,شركة االتصاالت الدولية الليبية
https://cbl.gov.ly/wp-content/uploads/2021/05/6-19May2021.pdf,2021-05-20,6,22,مصرف الخليج الليبي االول,احمد الجيالني محمد هبال,بورسلين,USD,2940000,شركة دلتا الخير الستيراد مواد البناء واملواد الصحية وملحقاتها
https://cbl.gov.ly/wp-content/uploads/2021/05/6-19May2021.pdf,2021-05-20,6,23,مصرف الخليج الليبي االول,عادل بشير محمد ابوفارس,خدمة تجوال,USD,71055.3,شركة االتصاالت الدولية الليبية
https://cbl.gov.ly/wp-content/uploads/2021/05/6-19May2021.pdf,2021-05-20,6,24,مصرف الخليج الليبي االول,عادل بشير محمد ابوفارس,خدمة تجوال,USD,210451.04,شركة االتص االت الدولية الليبية
https://cbl.gov.ly/wp-content/uploads/2021/05/6-19May2021.pdf,2021-05-20,6,25,مصرف الخليج االول الليبي,عبد الباسط عبدالحفيظ السنوس ي كريم,تجوال,USD,365084,شركة ليبيا لإلتصاالت والتقنية
https://cbl.gov.ly/wp-content/uploads/2021/05/6-19May2021.pdf,2021-05-20,6,26,مصرف الخليج االول الليبي,عبد الباسط عبدالحفيظ السنوس ي كريم,خدمات تجوال,USD,210991.13,شركة ليبيا لإلتصاالت والتقنية
https://cbl.gov.ly/wp-content/uploads/2021/05/6-19May2021.pdf,2021-05-20,7,1,مصرف الخليج االول الليبي,عبد الباسط عبدالحفيظ السنوس ي كريم,خدمات,USD,1511234,شركة ليبيا لإلتصاالت والتقنية
https://cbl.gov.ly/wp-content/uploads/2021/05/6-19May2021.pdf,2021-05-20,7,2,مصرف الخليج االول الليبي,عبد الباسط عبدالحفي ظ السنوس ي كريم,خدمات,USD,300800,شركة ليبيا لإلتصاالت والتقنية
https://cbl.gov.ly/wp-content/uploads/2021/05/6-19May2021.pdf,2021-05-20,7,3,مصرف الخليج االول الليبي,عبدالناصر عبدالسالم ح سين,بسكويت وشكالطة,USD,594402.5,شركة الربيع الجديد إلستيراد املواد الغذائية
https://cbl.gov.ly/wp-content/uploads/2021/05/6-19May2021.pdf,2021-05-20,7,4,مصرف الجمه ورية - امليدان,جابر احمد محمد وهيبه,حليب,USD,500000,شركة غداء النيل الستيراد املواد الغدائية
https://cbl.gov.ly/wp-content/uploads/2021/05/6-19May2021.pdf,2021-05-20,7,5,مصرف الخليج االول الليبي,بشير حاجي بشير العكاري,زيت ذرة,USD,895220,شركة التسنيم الستيراد املواد الغذائية
https://cbl.gov.ly/wp-content/uploads/2021/05/6-19May2021.pdf,2021-05-20,7,6,مصرف الخليج الليبي االول,احمد محمد علي سلطان,مكيفات,USD,136921.76,شركة صنوان الستيراد املواد الكهربائيةوااللكترونية
https://cbl.gov.ly/wp-content/uploads/2021/05/6-19May2021.pdf,2021-05-20,7,7,مصرف الخليج الليبي االول,اعمار محمد اعمار البوزيدى,خدمات و تركيب,USD,420501.06,شركة ا لجيل ا لجديد للتقنية
https://cbl.gov.ly/wp-content/uploads/2021/05/6-19May2021.pdf,2021-05-20,7,8,مصرف الخليج الليبي االول,اعمار محمد اعمار البوزيدى,معدات إتصاالت,USD,709855.6,شركة الجيل الجديد للتقنية
https://cbl.gov.ly/wp-content/uploads/2021/05/6-19May2021.pdf,2021-05-20,7,9,مصرف الخليج الليبي االول,عادل بشير محمد ابوفارس,خدمة تجوال,USD,251440,شركة االتصاالت الدولية الليبية
https://cbl.gov.ly/wp-content/uploads/2021/05/6-19May2021.pdf,2021-05-20,7,10,مصرف الخليج الليبي االول,عادل بشير محمد ابوفارس,خدمة تجوال,USD,125720,شركة االتصاالت الدولية الليبية
https://cbl.gov.ly/wp-content/uploads/2021/05/6-19May2021.pdf,2021-05-20,7,11,مصرف الخليج الليبي االول,ا ب راهيم عبد هللا محمد عيس ى,هواتف,USD,1250035,شركة الستيراد االجهزة االلكترونية وملحقاتها وقطع غيارها املتقدمون
https://cbl.gov.ly/wp-content/uploads/2021/05/6-19May2021.pdf,2021-05-20,7,12,مصرف الخليج االول الليبي,ابراهيم عبد هللا محمد عيس ى,هواتف,USD,1224600,شركة املتقدمون الستيراد االجهزة االلكترونية وملحقاتها وقطع غيارها
https://cbl.gov.ly/wp-content/uploads/2021/05/6-19May2021.pdf,2021-05-20,7,13,مصرف الخليج االول الليبي,ع بد املنعم خليفة احمد الحجاجي,إشتراكات دولية,USD,238754.27000000002,شركة ليبيانا للهاتف املحمول
https://cbl.gov.ly/wp-content/uploads/2021/05/6-19May2021.pdf,2021-05-20,7,14,مصرف الخليج االول الليبي,مالك أحمد عمر أبوشعالة,إطارات,USD,99025.95999999999,شركه الجدار إلستيراد السيارات وقطع غيارها
https://cbl.gov.ly/wp-content/uploads/2021/05/6-19May2021.pdf,2021-05-20,7,15,مصرف الخ ليج االول الليبي,عبد املنعم خليفة احمد الحجاجي,رسوم إشتراك,USD,53162.4,شركة ليبيانا للهاتف املحمول
https://cbl.gov.ly/wp-content/uploads/2021/05/6-19May2021.pdf,2021-05-20,7,16,مصرف الخليج االول الليبي,عبد املنعم خليفة احمد الحجاجي,إشتراكات دولية,USD,39500,شركة ليبيانا للهاتف املحمول
https://cbl.gov.ly/wp-content/uploads/2021/05/6-19May2021.pdf,2021-05-20,7,17,مصرف الخليج االول الليبي,مالك أحمد عمر أبوشعالة,إطارات,USD,1355048.4,شركه الجدار إلستيراد السيارات وقطع غيارها
https://cbl.gov.ly/wp-content/uploads/2021/05/6-19May2021.pdf,2021-05-20,7,18,مصرف الخليج الليبي االول,حسين ابراهيم عبد السالم بن صليل,قطع غيار,USD,180000,شركة املرا عي الخصبة للمطاحن و االعالف
https://cbl.gov.ly/wp-content/uploads/2021/05/6-19May2021.pdf,2021-05-20,7,19,مصرف الخليج الليبي االول,عبد املنعم خليفة احمد الحجاجي,خدمات تطوير,USD,10983,شركة ليبيانا للهاتف املحمول
https://cbl.gov.ly/wp-content/uploads/2021/05/6-19May2021.pdf,2021-05-20,7,20,مصرف الخليج الليبي االول,عبد علي محمد تنتوش الباري,دجاج مجمد,USD,243548,شركة هالل الغدائية الستيراد ا ملواش ي واللحوم
https://cbl.gov.ly/wp-content/uploads/2021/05/6-19May2021.pdf,2021-05-20,7,21,مصرف الخليج الليبي االول,املهدى منصور احمد ابو سنينه,مكسرات,USD,200610,شركة األمير الليبية للصناعات الغذائية
https://cbl.gov.ly/wp-content/uploads/2021/05/6-19May2021.pdf,2021-05-20,7,22,مصرف الخليج الليبي االول,محمد عبدالفتاح سالم ابوشنب التركى,عسل,USD,59108,شركة ابوشنب إلستيراد املواد الغذائية
https://cbl.gov.ly/wp-content/uploads/2021/05/6-19May2021.pdf,2021-05-20,7,23,مصرف الخليج الليبي االول,املهدى منصور احمد ابو سنينه,حمص,USD,169999.2,شركة األمير الليبية للصناعات الغذائية
https://cbl.gov.ly/wp-content/uploads/2021/05/6-19May2021.pdf,2021-05-20,7,24,مصرف النوران ـ فرع برج طرابلس االسالمي,يوسف محمد الهادي كشاد,شاشات عرض منزلية,USD,347565,شركة املجد الستيراد االجهزة و املواد الكهربائية وغير الكهربائية وقطع غيارها
https://cbl.gov.ly/wp-content/uploads/2021/05/6-19May2021.pdf,2021-05-20,7,25,مصرف النوران ـ فرع برج طرابلس االسالمي,فتحى سالم فيتور بن فيتور,مواد خام,USD,363320,شركة الربيع لصناعة االسفنج و املفروشات و املراتب
https://cbl.gov.ly/wp-content/uploads/2021/05/6-19May2021.pdf,2021-05-20,7,26,مصرف النوران ـ فرع برج طرابلس االسالمي,حنين عبد السالم محمد زاوية,مواد زينة,USD,40000,شركة بن موس ي و ابنائه ال ستيراد مواد الزينة و ا لخردوات و العطور
https://cbl.gov.ly/wp-content/uploads/2021/05/6-19May2021.pdf,2021-05-20,8,1,مصرف النوران ـ فرع برج طرابلس اال سالمي,ادم سعيد صالح كعبر,بسكويت,EUR,113400,شركة املجموعة املتحدة الستيراد املواد الغذائية
https://cbl.gov.ly/wp-content/uploads/2021/05/6-19May2021.pdf,2021-05-20,8,2,مصرف النوران ـ فرع برج طرابلس االسالمي,ادم سعيد صالح كعبر,كريمة بسكويت,EUR,182120.4,شركة املجموعة املتحدة الستيراد املواد الغذائية
https://cbl.gov.ly/wp-content/uploads/2021/05/6-19May2021.pdf,2021-05-20,8,3,مصرف النوران ـ فرع برج طرابل س االسالمي,ادم سعيد صالح كعبر,بسكويت,EUR,66528,شركة املجموعة املتحدة الستيراد املواد الغذائية
https://cbl.gov.ly/wp-content/uploads/2021/05/6-19May2021.pdf,2021-05-20,8,4,مصرف النوران ـ فرع برج طرا بلس االسالمي,الحسين املهدي الصقر اشميلة,مواد كهربائية,USD,106606.47,شركة البحر الكبير الستيراد املواد الكهربائية
https://cbl.gov.ly/wp-content/uploads/2021/05/6-19May2021.pdf,2021-05-20,8,5,مص رف النوران ـ فرع برج طرابلس االسالمي,أبو عجيلة عمر محمد فرعون,أدوية بشرية,USD,134000,شركة النسر الستيراد االدوية واملعدات الطبية
https://cbl.gov.ly/wp-content/uploads/2021/05/6-19May2021.pdf,2021-05-20,8,6,مصرف شمال افريقيا - فرع مصراتة,محمد علي محمد الزوبي,محبب PVC,USD,201000,مصنع الزوبي لصناعة املواسير وخراطيم املياه
https://cbl.gov.ly/wp-content/uploads/2021/05/6-19May2021.pdf,2021-05-20,8,7,مصرف شمال افريقيا - الفرع الرئيس ي,عبدالروؤف عا عبدهللا البيباص شور,N910 ANDROID,USD,207000,شركة مسارات لتقنية املعلومات والخدمات املالية املساهمة
https://cbl.gov.ly/wp-content/uploads/2021/05/6-19May2021.pdf,2021-05-20,8,8,مصرف شمال افريقيا - فرع مصراتة,سمية محمد بشير ابودبوس,شوكوالتة,USD,349584,شركة الشوف الجديد الستيراد املواد الغدائية
https://cbl.gov.ly/wp-content/uploads/2021/05/6-19May2021.pdf,2021-05-20,8,9,مصرف شمال افريقيا - فرع مصراتة,محمد محمد بشير بن سعود,لفات أميرا,USD,1046135,مصنع سعود لصناعة االثاث املعدني
https://cbl.gov.ly/wp-content/uploads/2021/05/6-19May2021.pdf,2021-05-20,8,10,مصرف شمال افريقيا - فرع مصراتة,اسماء محمد مفتاح ابوعليم,بن وقهوة,USD,1065000,شركة رياض ليبيا الستيراد املواد الغدائية
https://cbl.gov.ly/wp-content/uploads/2021/05/6-19May2021.pdf,2021-05-20,8,11,مصرف شمال اف ريقيا - فرع طبرق,محمود عبدهللا موس ى اقويدر,اكياس فارغة,USD,800000,شركة مراعي البطنان لصناعة االعالف
https://cbl.gov.ly/wp-content/uploads/2021/05/6-19May2021.pdf,2021-05-20,8,12,مصرف شمال افريقيا - الفرع الرئيس ي,مصطفي محمد معتوق معتوق,فواتير بمنظومة الحجز,USD,278912.13,شركة الخطوط الجوية االفريقية
https://cbl.gov.ly/wp-content/uploads/2021/05/6-19May2021.pdf,2021-05-20,8,13,مصرف شمال افريقيا - ا لفرع الرئيس ي,مصطفي محمد معتوق معتوق,مستلزمات طيران,USD,218116.58,شركة الخطوط الجوية االفريقية
https://cbl.gov.ly/wp-content/uploads/2021/05/6-19May2021.pdf,2021-05-20,8,14,مصرف شمال افريقيا - حي االندلس االسالمي,منير عامر الصويعى السعداوي,معجون طماطم مركز,USD,153331.2,شركة اليقين املميز الستيراد املواد الغذائية واملواش ي واللحوم
https://cbl.gov.ly/wp-content/uploads/2021/05/6-19May2021.pdf,2021-05-20,8,15,مصرف شمال افريقيا - فرع مصراتة,محمد محمد بشير بن سعود,مواد خام,USD,1495817,مصنع سعود لصناعة االثاث املعدني
https://cbl.gov.ly/wp-content/uploads/2021/05/6-19May2021.pdf,2021-05-20,8,16,مصرف شمال افريقيا - فرع مصراتة,عادل عمر ابوبكر الزبتة ابوحنك,معدات كهربائية,USD,391716.88,شركة انوار املدينة الستيراد األجهزة واملواد الكهربائيةوغير الكهربائية
https://cbl.gov.ly/wp-content/uploads/2021/05/6-19May2021.pdf,2021-05-20,8,17,مصرف شمال افريقيا - فرع مصراتة,عبدهللا يوسف عبد هللا الرطب,حفاظات اطفال مواليد,USD,230400,شركة اروقة املتوسط الستيراد مستلزمات االم والطفل
https://cbl.gov.ly/wp-content/uploads/2021/05/6-19May2021.pdf,2021-05-20,8,18,مصرف املتوسط - وكالة شارع الوادي,جمال محمد ميالد الساحلي,مستلزمات انتاج اثات,USD,1640812.76,شركة أركان ليبيا لصناعة االثاث
https://cbl.gov.ly/wp-content/uploads/2021/05/6-19May2021.pdf,2021-05-20,8,19,مصرف املتوسط الفرع الرئيس ي - بنغازي,ميالد احمد مخلوف بوفطيرة,حليب,USD,252200,شركة علم اال مان الستيراد املواد الغذائية
https://cbl.gov.ly/wp-content/uploads/2021/05/6-19May2021.pdf,2021-05-20,8,20,مصرف املتوسط - وكالة شارع الوادي,جالل محمد البشير ساري,مستلزمات صناعة أثاث,USD,1271931.5,شركة املهارة االولى لصناعة االثاث
https://cbl.gov.ly/wp-content/uploads/2021/05/6-19May2021.pdf,2021-05-20,8,21,مصرف املتوسط الفرع الرئيس ي - بنغازي,عبدامل نعم صالح ريبود البرعص ي,رخام,USD,173775,مصنع العاملية للرخام
https://cbl.gov.ly/wp-content/uploads/2021/05/6-19May2021.pdf,2021-05-20,8,22,مصرف الخليج الليبي االول,عبد الخالق حسن محمد بن عاشور,تكاليف إشترك سنوي,GBP,14437.5,شركة املدار الجديد
https://cbl.gov.ly/wp-content/uploads/2021/05/6-19May2021.pdf,2021-05-20,8,23,مصرف املتوسط - مصراته,محمد ميالد محمد الصل,م عدات طبية,EUR,1365000,شركة أوكسجين ليبيا الطبية الستيراد املعد ات الطبية و املستحضرات الطبية
https://cbl.gov.ly/wp-content/uploads/2021/05/6-19May2021.pdf,2021-05-20,8,24,مصرف الخليج الليبي االول,حسين علي حماد مفتاح,مرغرين,TND,1529443.95,شركة الشهاب الستيراد املواد الغذائية
https://cbl.gov.ly/wp-content/uploads/2021/05/6-19May2021.pdf,2021-05-20,8,25,مصرف الخليج اال ول الليبي,حسين علي حماد مفتاح,مرغرين,TND,1390359.26,شركة الشهاب الستيراد املواد الغذائية
https://cbl.gov.ly/wp-content/uploads/2021/05/6-19May2021.pdf,2021-05-20,8,26,مصرف الجمهورية - امليدان,جابر احمد محمد وهيبه,دجاج مجمد,USD,3506400,شركة غداء النيل الستيراد املواد الغدائية
https://cbl.gov.ly/wp-content/uploads/2021/05/6-19May2021.pdf,2021-05-20,9,1,مصرف الصحاري - وكالة كو رنثيا,إبراهيم محمد حسين عبدالرحمن,مستلزمات انتاج,USD,507375,شركة دروب ليبيا الدولية للصناعات البالستيكية
https://cbl.gov.ly/wp-content/uploads/2021/05/6-19May2021.pdf,2021-05-20,9,2,املصرف اللليبي الخارجي,رضا املهدى حسونة,1 اسطنبول محطة تشغيل,EUR,627675.47,شركة االجنحة الليبية للطيران املساهمة
https://cbl.gov.ly/wp-content/uploads/2021/05/6-19May2021.pdf,2021-05-20,9,3,مصرف النور ان ـ فرع برج طرابلس االسالمي,عبدالفتاح محمد جبريل بن عروس,سكر بني,EUR,36720,شركة البحار السبع الستيراد املواد الغذائية واملواش ي واللحوم والخضروات
https://cbl.gov.ly/wp-content/uploads/2021/05/6-19May2021.pdf,2021-05-20,9,4,مصرف النوران ـ فرع برج طرابلس االسالمي,ايمن مصباح احمد وهيبة,حليب اطفال,EUR,3986019.84,شركة ملسة الحياة الستيراد املعدات الطبية و االدوية واملستحضرات الطبية
https://cbl.gov.ly/wp-content/uploads/2021/05/6-19May2021.pdf,2021-05-20,9,5,مصرف النواران فرع مصراتة,عمر علي أبوشعالة بن فرج,بطاطا مجمدة,EUR,81018,شركة سند ليبيا الستيراد املواد الغدائية واملواش ي واللحوم
https://cbl.gov.ly/wp-content/uploads/2021/05/6-19May2021.pdf,2021-05-20,9,6,مصرف النوران ـ فرع برج طرابلس االسالمي,محمد بلعيد االجهر اشتيوي,اخشاب,EUR,196750,شركة ليبيا الوطنية لصناعة مواد البناء واالثاث
https://cbl.gov.ly/wp-content/uploads/2021/05/6-19May2021.pdf,2021-05-20,9,7,مصرف النواران فرع مصراتة,معاد رمضان مصطفى شكالوون,ح ديد صناعي,EUR,152950,شركة الحصن املتين للصناعات الحديدية
https://cbl.gov.ly/wp-content/uploads/2021/05/6-19May2021.pdf,2021-05-20,9,8,مصرف النواران فرع مصراتة,مفتاح التير الزروق الزروق,مواسير مياه وملحقاته,EUR,136573.83,شركة راما الدولية الستيراد مواد البناء و املواد الصحية وملحقاتها
https://cbl.gov.ly/wp-content/uploads/2021/05/6-19May2021.pdf,2021-05-20,9,9,مصرف النوران ـ فرع برج طرابلس االسالمي,محمد عبدالحكيم الطاهر عريبى,بطاطا مقلية,EUR,47628,شركة الوصية الستيراد املواد الغذائية
https://cbl.gov.ly/wp-content/uploads/2021/05/6-19May2021.pdf,2021-05-20,9,10,مصرف النوران ـ فرع برج طرابلس االسالمي,عمر مصدق عبدهللا املنصوري,انابيب ووصالت,EUR,117482.17000000001,شركة الربيان املثالي الستيراد املواد الخام ومعدات تشغيل املصانع ومستلزماتها
https://cbl.gov.ly/wp-content/uploads/2021/05/6-19May2021.pdf,2021-05-20,9,11,مصرف النواران فرع مصراتة,عبدهللا محمود فرج جبران,مواد تعبئة وتغليف,EUR,49510.219999999994,شركة بالدي الخير للصناعات الغذائية
https://cbl.gov.ly/wp-content/uploads/2021/05/6-19May2021.pdf,2021-05-20,9,12,مصرف النوران ـ فرع برج طرابلس االسالمي,عاطف عبدالسالم عمر النعاس,مواد خام,EUR,37281,شركة ليبيتال لتصنيع مواد التنظيف
https://cbl.gov.ly/wp-content/uploads/2021/05/6-19May2021.pdf,2021-05-20,9,13,مصرف النوران ـ فرع برج طرابلس االسالمي,عزالدين الهادي سالم العماري,شوكوالتة,USD,295900,شركة ا لطائف إلستيراد املواد الغدائية
https://cbl.gov.ly/wp-content/uploads/2021/05/6-19May2021.pdf,2021-05-20,9,14,مصرف النوران ـ فرع برج طرابلس االسالمي,محمد فضيل امغرغر حسين,مواد خام,USD,1731600,شركة بوليزان لصناعة الطالء و املعاجين واملواد الكيماوية
https://cbl.gov.ly/wp-content/uploads/2021/05/6-19May2021.pdf,2021-05-20,9,15,مصرف النوران ـ فرع برج طرابلس االسالمي,جابر احمد محمد وهيبه,عصائر,USD,467803.08,شركة غذاء النيل الستيراد املواد الغذائية
https://cbl.gov.ly/wp-content/uploads/2021/05/6-19May2021.pdf,2021-05-20,9,16,مصرف النواران فرع مصراتة,معاد رمضان مصطفى شكالوون,حديد صناعي,USD,576490.06,شركة الحصن املتين للصناعات الحديدية
https://cbl.gov.ly/wp-content/uploads/2021/05/6-19May2021.pdf,2021-05-20,9,17,مصرف النوران ـ فرع برج طرابلس االسالمي,محمد علي محمد ابراهيم,معدات مطابخ,USD,267446.3,شركة مجم وعة الرائدة الستيراد املواد املنزلية والكهربائية
https://cbl.gov.ly/wp-content/uploads/2021/05/6-19May2021.pdf,2021-05-20,9,18,مصرف النواران فرع مصراتة,صالح امحمد علي عنيب ه,ملحقات زراعية,USD,57784.61,شركة االنماء الزراعي الستيراد االالت واملستلزمات الزراعية وقطع غيارها
https://cbl.gov.ly/wp-content/uploads/2021/05/6-19May2021.pdf,2021-05-20,9,19,مصرف الن واران فرع مصراتة,محمد مصطفى أحمد التومي,مشروب بم بم,USD,351648.6,شركة لطافة الستيراد املواد الغدائية واملواش ي واللحوم
https://cbl.gov.ly/wp-content/uploads/2021/05/6-19May2021.pdf,2021-05-20,9,20,مصرف النواران فرع مصراتة,عبدهللا مصطفي عبدهللا السرك س ي,مستلزمات تشغيل,USD,62947.5,مصنع اللمسة االخيرة لصناعة االتاث من الخشب
https://cbl.gov.ly/wp-content/uploads/2021/05/6-19May2021.pdf,2021-05-20,9,21,مصرف النواران فرع مصراتة,فاطمة ساس ي علي الفقية,مواد خام,USD,650000,شركة االمة املتحدة للطباعة والنشر واالعالم والصناعات الورقية
https://cbl.gov.ly/wp-content/uploads/2021/05/6-19May2021.pdf,2021-05-20,9,22,مصرف النواران فرع مصراتة,ابوبكر علي الطاهر باشاغا االدغم,مواد تعقيم,USD,75735,شركة لصناعة االلبان ومشتقاتها الراوي
https://cbl.gov.ly/wp-content/uploads/2021/05/6-19May2021.pdf,2021-05-20,9,23,مصرف النواران فرع مصراتة,صالح امحمد علي عنيبه,خي ط صوبات,USD,42534.5,شركة االنماء الزراعي الستيراد االالت واملستلزمات الزراعية وقطع غيارها
https://cbl.gov.ly/wp-content/uploads/2021/05/6-19May2021.pdf,2021-05-20,9,24,مصرف النواران فرع مصراتة,معاد رمضان مصطفى شكالوون,لفات حديد,USD,1167875,شركة الحصن املتين للصناعات الحديدية
https://cbl.gov.ly/wp-content/uploads/2021/05/6-19May2021.pdf,2021-05-20,9,25,املصرف االسالمي الليبي - السياحية,وليد محمد ابوالقاسم شارطة,عجول حية,EUR,1041500,شركة قوت العاصمة الستيراد املواد الغذائيةوالفواكه الطازجة واملواش ي
https://cbl.gov.ly/wp-content/uploads/2021/05/6-19May2021.pdf,2021-05-20,9,26,املصرف االسالمي الليبي - مصراته,عز الد ين محمد على االطرش,أدوية بيطرية,EUR,120876,شركة ناصية الخير الستيراد اآلالت واملستلزمات الزراعية وقطع غيارها
https://cbl.gov.ly/wp-content/uploads/2021/05/6-19May2021.pdf,2021-05-20,10,1,املصرف االسالمي الليبي - مصراته,صالح مصطفى محمد فريوان,مواد تنظيف+مبيد حشري,EUR,83124.26,شركة نسائم ليبيا الستيراد مواد الزينة والخردوات ومواد التنظيف
https://cbl.gov.ly/wp-content/uploads/2021/05/6-19May2021.pdf,2021-05-20,10,2,املصرف االسالمي الليبي ـ أبو مليانة,عبدالباسط مخزوم محمد املجدوب,جبنة شرائح,EUR,165440,شركة االنجاز املشرق الست يراد املواد الغذائية
https://cbl.gov.ly/wp-content/uploads/2021/05/6-19May2021.pdf,2021-05-20,10,3,املصرف ا السالمي الليبي ـ أبو ملي انة,فيصل محمد عبدالسالم الغريانى,ادوية بشرية,EUR,99787.5,شركة ملسة شفاء الستيراد االدوية ومستلزمات األم والطفل
https://cbl.gov.ly/wp-content/uploads/2021/05/6-19May2021.pdf,2021-05-20,10,4,املصرف االسالمي الليبي ـ أبو مليانة,علي الهادي حسين عقيل,مفاتيح قالب,EUR,23282,شركة الوميض الكهربائي الستيراد االجهزة واملواد الكهربائية وغير الكهربائية
https://cbl.gov.ly/wp-content/uploads/2021/05/6-19May2021.pdf,2021-05-20,10,5,املصرف االسالم ي الليبي - مصراته,محمد مفتاح محمد هديه,لفات حديد,EUR,32682.8,مصنع الصلب لصناعة الصاج املضلع
https://cbl.gov.ly/wp-content/uploads/2021/05/6-19May2021.pdf,2021-05-20,10,6,املصرف االسالمي الليبي - مصراته,عماد عبدهللا علي االجهر,أخشاب,EUR,510000,شركة املعالى الوطنية لصناعة األثاث واالبواب والنو افذ
https://cbl.gov.ly/wp-content/uploads/2021/05/6-19May2021.pdf,2021-05-20,10,7,املصرف االسالمي الليبي - مصراته,عبدالرحمن سليمان ابراهيم شاكة,مستلزمات تشغيل,EUR,375650.52,مصنع النجاح لصناعة الصفائح الشبكية
https://cbl.gov.ly/wp-content/uploads/2021/05/6-19May2021.pdf,2021-05-20,10,8,املصرف االسال مي الليبي ـ أبو مليانة,عبدالباسط ابراهيم املختار اليعقوبى,معدات طبية,EUR,101300,شركة اجياد ليبيا الستيراد االدوية واملعدات الطبية
https://cbl.gov.ly/wp-content/uploads/2021/05/6-19May2021.pdf,2021-05-20,10,9,املصرف االسالمي الليبي ـ أبو مليانة,محمود منصور ا ملبروك بلعيد,مواد بناء,EUR,67594.23,شركة الصفاء الليبي الستيراد مواد البناء
https://cbl.gov.ly/wp-content/uploads/2021/05/6-19May2021.pdf,2021-05-20,10,10,املصرف االسالمي الليبي - تاجوراء,محمد مصطفى محمد العيساوي,شاي اخضر,EUR,200000,شركة التالل الليبية الستيراد مواد الغدائية دات املسئولية املحدودة
https://cbl.gov.ly/wp-content/uploads/2021/05/6-19May2021.pdf,2021-05-20,10,11,املصرف االسالمي الليبي - مصراته,عبدالحميد عمران عبدهللا قميع,حية عجول,EUR,2030000,شركة الرباط الوثيق إلستيراد املواش ي و اللحوم
https://cbl.gov.ly/wp-content/uploads/2021/05/6-19May2021.pdf,2021-05-20,10,12,املصرف االسالمي الليبي - مصراته,محمد الطاهر أحمد عيس ى,مستلزمات إضاءة,EUR,70705,شركة الجيد للصناعات الغذائية
https://cbl.gov.ly/wp-content/uploads/2021/05/6-19May2021.pdf,2021-05-20,10,13,املصرف االسالمي الليبي ـ أبو مليانة,سع يد عبد هللا املنصورى,جبنة شيدر,EUR,284700,شركة ادران الستيراد املواد الغذائية
https://cbl.gov.ly/wp-content/uploads/2021/05/6-19May2021.pdf,2021-05-20,10,14,املصرف االسالمي الليبي ـ أبو مليانة,جبريل مفتاح ابوبكر الزبته ابوحنك,ملحقات تكيف,EUR,51231.67,شركة الصفوة الستيراد األجهزة واملواد الكهربائية وغير الكهربائية وقطع غيارها
https://cbl.gov.ly/wp-content/uploads/2021/05/6-19May2021.pdf,2021-05-20,10,15,املصرف االسالمي الليبي ـ أبو مليانة,الصادق نصير فرج البوعيش ي,انابيب بى بى ار,USD,236005.1,شركة الوادي إلستيراد مواد البناء واملواد الصحي ة
https://cbl.gov.ly/wp-content/uploads/2021/05/6-19May2021.pdf,2021-05-20,10,16,املصرف االسالمي الليبي - مصراته,عبدهللا صالح عبدهللا ب الحاج,ر افعات شوكيةوقطع غيا,USD,169224,شركة بالحاج العاملية الستيراد اآلالت واملعدات الثقيلة ومستلزماتها وقطع غيارها
https://cbl.gov.ly/wp-content/uploads/2021/05/6-19May2021.pdf,2021-05-20,10,17,املصرف اإلسالمي الليبي - زليتن,الهادي منصور احمد ابوسنينه,لوز مقشور,USD,138600,شركة الخليج الزاهر لصناعة املواد الغذائية
https://cbl.gov.ly/wp-content/uploads/2021/05/6-19May2021.pdf,2021-05-20,10,18,املصرف اإلسالمي الليبي - زليتن,ال هادي احمد ابوسني نه منصور,لوز مقشور,USD,152000,شركة الخليج الزاهر لصناعة املواد الغذائية
https://cbl.gov.ly/wp-content/uploads/2021/05/6-19May2021.pdf,2021-05-20,10,19,املصرف االسالمي الليبي - السياحية,يوسف رمضان محمد غريبه,ادوية,USD,139059.12,شركة الدواء الراقي الستيراد االدوية واملعدات الطبية
https://cbl.gov.ly/wp-content/uploads/2021/05/6-19May2021.pdf,2021-05-20,10,20,مصرف ا لجمهورية - امليدان,جابر احمد محمد وهيبه,زيت,USD,4900000,شركة غداء النيل الستيراد املواد الغدائية
https://cbl.gov.ly/wp-content/uploads/2021/05/6-19May2021.pdf,2021-05-20,10,21,املصرف االسالمي الليبي ـ أبو مليانة,ابرهيم امبية عبدالصمد املنتصر,زيوت محركات,USD,251651.4,شركة التنمية إلستيراد االجهزة و املعدات النفطية
https://cbl.gov.ly/wp-content/uploads/2021/05/6-19May2021.pdf,2021-05-20,10,22,املصرف االسالمي الليبي - مصراته,حسين رمضان محمد املجيديب,UPVC PROFILES,USD,536440.38,مص نع الرفيع لصناعة األبواب والنو افذ من األملونيوم والبي في س ي
https://cbl.gov.ly/wp-content/uploads/2021/05/6-19May2021.pdf,2021-05-20,10,23,املصرف االسالمي الليبي - مصراته,عبدالعزيز محمد على الشامي,مواد كهرومنزلية,USD,56110,شركة سترين الستيراد األجهزة واملواد الكهربائية وغير الكهربائية وقطع غيارها
https://cbl.gov.ly/wp-content/uploads/2021/05/6-19May2021.pdf,2021-05-20,10,24,املصرف االسالمي الليبي ـ أبو مليانة,عادل صالح حسين العلوص,دجاج مجم د,USD,513000,شركة الرفاق الجدد الستيراد املواش ي واللحوم
https://cbl.gov.ly/wp-content/uploads/2021/05/6-19May2021.pdf,2021-05-20,10,25,املصرف االسالمي الليبي ـ أبو مليانة,علي صالح ضوء سميه,بالط,USD,3350592,شركة النيزك املشع الستيراد مواد البناء واملواد الصحية وملحقاتها
https://cbl.gov.ly/wp-content/uploads/2021/05/6-19May2021.pdf,2021-05-20,10,26,املصرف االسالمي الليبي ـ أبو مليانة,أنـور بشير سليمان أبوعـجيلة قـداد,لحم مجمد,USD,891000,شركة نات ليبيا الس تيراد املواش ي واللحوم
https://cbl.gov.ly/wp-content/uploads/2021/05/6-19May2021.pdf,2021-05-20,11,1,املصرف االسال مي الليبي ـ أبو مليانة,مراد ابراهيم علي دومة,مالبس متنوعة,USD,113232.09,شركة ايالف الدوليه االولي الستيراد املالبس واملنسوجات واملصنوعات الجلديه
https://cbl.gov.ly/wp-content/uploads/2021/05/6-19May2021.pdf,2021-05-20,11,2,املصرف االسالمي الليبي ـ أبو مليانة,اكرم محمد رجب الذيب,دجاج مجمد,USD,783000,شركة الثقة الدائمة الستيراد املواد الغذائية
https://cbl.gov.ly/wp-content/uploads/2021/05/6-19May2021.pdf,2021-05-20,11,3,املصرف االسالمي الليب ي ـ أبو مليانة,عائدة رمضان علي الجفائري,كرتون,USD,1594125,شركة بيت الذرة للصناعات الورقية
https://cbl.gov.ly/wp-content/uploads/2021/05/6-19May2021.pdf,2021-05-20,11,4,املصرف االسالمي الليبي ـ أبو مليانة,عائدة رمضان علي الجفائري,حليب مكثف,USD,349747.2,شركة زهرة الصحراء الستيراد املواد الغدائية
https://cbl.gov.ly/wp-content/uploads/2021/05/6-19May2021.pdf,2021-05-20,11,5,مصرف الجمهورية - امليدا ن,جابر احمد محمد وهيبه,مكرو نة,USD,417500,شركة غداء النيل الستيراد املواد الغدائية
https://cbl.gov.ly/wp-content/uploads/2021/05/6-19May2021.pdf,2021-05-20,11,6,املصرف االسالمي الليبي ـ أبو مليانة,محمد الصيد عبداللطيف خليفه,PVC اكسسوار,USD,58900.04,شركة العاملية املتحدة لصناعة مستلزمات البناء
https://cbl.gov.ly/wp-content/uploads/2021/05/6-19May2021.pdf,2021-05-20,11,7,املصرف االسالمي الليبي - مصراته,نزار محمد أحمد خليل,مولدات كهربائية,USD,133551,شركة قصر الخليل الستيراد األجهزة واملواد الكهربائية وغير الكهربائية وقطع غيارها
https://cbl.gov.ly/wp-content/uploads/2021/05/6-19May2021.pdf,2021-05-20,11,8,املصرف االسالمي الليبي - مصراته,سامي رمضان الهادي خليل,سيراميك & بورسلين,USD,104592.19,شركة الزخرفة إلستيراد مواد البناء واملواد الصحية وملحقاتها
https://cbl.gov.ly/wp-content/uploads/2021/05/6-19May2021.pdf,2021-05-20,11,9,املصرف االسالمي الليبي - مصراته,عمر محمد عمر الطبال,أدوية,USD,671860.56,شركة امليس الستيراد األدوية و املستحضرات الطبية و مستلزمات األم و الطفل
https://cbl.gov.ly/wp-content/uploads/2021/05/6-19May2021.pdf,2021-05-20,11,10,املصرف االسالمي الليبي - مصراته,وليد أحمد احميد بادي,سحاب قماش (سوسته),USD,71760.20999999999,شركة األحالم السعيدة الستيراد املالبس واملصنوعات الجلدية
https://cbl.gov.ly/wp-content/uploads/2021/05/6-19May2021.pdf,2021-05-20,11,11,املصرف االسالمي الليبي - مصراته,معاذ سليمان يوسف كنوش,مضخات زراعية,USD,127634.9,شركة ارض البساتين الستير اد اآلالت واملستلزمات الزراعية وقطع غيارها
https://cbl.gov.ly/wp-content/uploads/2021/05/6-19May2021.pdf,2021-05-20,11,12,املصرف االسالمي الليبي - مصراته,امحمد حسن محمد ابودبوس,مصبعات بالستيكية,USD,360675.2,مصنع ابودبوس لصناعة الفوارغ البالستيكيه واملواد املنزليه
https://cbl.gov.ly/wp-content/uploads/2021/05/6-19May2021.pdf,2021-05-20,11,13,املصرف االسالمي الليبي - مصراته,محمد محمد عبدهللا رفيده,دج اج مجمد,USD,132500,شركة مظلة الغذاء الستيراد املواد الغذائية و املواش ي واللحوم
https://cbl.gov.ly/wp-content/uploads/2021/05/6-19May2021.pdf,2021-05-20,11,14,املصرف اإلسالمي الليبي - زليتن,الهادي منصور احمد ابوسنينه,صناديق كرتون,USD,100000,شركة الخليج الزاهر لصناعة املواد الغذائية
https://cbl.gov.ly/wp-content/uploads/2021/05/6-19May2021.pdf,2021-05-20,11,15,املصرف التجاري العربي - املنشيه,العارف املولدي ابو القاسم منصور,مواد اسنان,EUR,42659,شركة املجد إلستيراد معدات األسنان
https://cbl.gov.ly/wp-content/uploads/2021/05/6-19May2021.pdf,2021-05-20,11,16,املصرف التجاري العربي - املنشيه,العارف املولدي ابو القا سم منصور,معقمات,EUR,42590,شركة املجد إلستيراد معدات األسنان
https://cbl.gov.ly/wp-content/uploads/2021/05/6-19May2021.pdf,2021-05-20,11,17,املصرف التجاري العربي - املنشيه,صالح الدين ابراهيم محمد ابو صبع,طالء,USD,135000,شركة الواحة لصناعة الدهانات واملعاجين ومستلزماتها
https://cbl.gov.ly/wp-content/uploads/2021/05/6-19May2021.pdf,2021-05-20,11,18,املصرف العربي - قرقارش التجاري,شاهين عبدالناصر عمر عبدالعزيز ابورويس,شاهي,USD,154000,شركة منار الغد الستيراد املواد الغذائية املساهمة
https://cbl.gov.ly/wp-content/uploads/2021/05/6-19May2021.pdf,2021-05-20,11,19,مصرف اليقين - الفرع الرئ يس ى طرابلس,االمير انبية مسعود مليطان,مستلزمات انتاج زراع,EUR,25586,شركة النماء الفالحي الستيراد املواد واملستلزمات الزراعية وقطع غيارها
https://cbl.gov.ly/wp-content/uploads/2021/05/6-19May2021.pdf,2021-05-20,11,20,مصرف اليقين - فرع زليتن,عبدالناصر يوسف رمضان عبدالدائم,اكسسوارات نو افذ سران,EUR,107600,مصنع اليرموك الحديث لصناعة األملونيوم
https://cbl.gov.ly/wp-content/uploads/2021/05/6-19May2021.pdf,2021-05-20,11,21,مصرف اليقين - الفرع الرئيس ى طرابلس,عبد الحكيم مصطفي العرب ي الشريف,مضخات مياه,EUR,68642,شركة مجموعة الشريف الستيراد مواد البناء واملواد الصحية وملحقاتها
https://cbl.gov.ly/wp-content/uploads/2021/05/6-19May2021.pdf,2021-05-20,11,22,مصرف اليقين - فرع زليتن,فتحي مفتا ح حسين اشناق,معدات ورش,EUR,39765.450000000004,شركة الشركاء الستيراد معدات الورش واالالت واملستلزمات الصناعية
https://cbl.gov.ly/wp-content/uploads/2021/05/6-19May2021.pdf,2021-05-20,11,23,مصرف اليقين - الفرع الرئيس ى طرابلس,ولي د محمد عامر امحمد,قهوة,EUR,22080.4,شركة ارغان الستيراد املواد الغذائية واملواش ي واللحوم
https://cbl.gov.ly/wp-content/uploads/2021/05/6-19May2021.pdf,2021-05-20,11,24,مصرف اليقين - فرع مصراته,محمد رمضان عبدهللا برأس على,مواد صحية,EUR,96259.3,شركة راما األصلية الستيراد مواد البناء واملواد الصحية وملحقاتها
https://cbl.gov.ly/wp-content/uploads/2021/05/6-19May2021.pdf,2021-05-20,11,25,مصرف اليقين - فرع زليتن,فتحي مفتاح ح سين اشناق,أسالك وكوابل كهربائي,EUR,128811.9,شركة الشركاء الستيراد معدات الورش واالالت واملستلزمات ال صناعية
https://cbl.gov.ly/wp-content/uploads/2021/05/6-19May2021.pdf,2021-05-20,11,26,مصرف اليقين - فرع مصراته,محمد على محمد حميدان,قطع غيار االت رو افع,EUR,4397.8,شركة الليبية للمواني
https://cbl.gov.ly/wp-content/uploads/2021/05/6-19May2021.pdf,2021-05-20,12,1,مصرف الجمهورية - امليدان,ج ابر احمد محمد وهيبه,سكر,USD,2950000,شركة غداء النيل الستيراد املواد الغدائية
https://cbl.gov.ly/wp-content/uploads/2021/05/6-19May2021.pdf,2021-05-20,12,2,مصرف اليقين - الفرع الرئيس ى طرابلس,جمال مفتاح عمر زغليل,فيتامينات,EUR,150278.4,شركة ارغان الستيراد االدوية واملستحضرات الطبية ومستلزمات االم والطفل
https://cbl.gov.ly/wp-content/uploads/2021/05/6-19May2021.pdf,2021-05-20,12,3,م صرف اليقين - فرع صرمان,اشرف مصطفى علي سالم,معدات مصنع ألجر,EUR,167000,شركة صرمان الحديثة لصناعة مواد البناء و السيراميك
https://cbl.gov.ly/wp-content/uploads/2021/05/6-19May2021.pdf,2021-05-20,12,4,مصرف اليقين - فرع برج طرابلس,صالح الدين خالد عمرو,معدات طبية,EUR,52810,شركة الدقة الصحية الستيراد اجهزة و معدات العظام و املستلزمات الطبية
https://cbl.gov.ly/wp-content/uploads/2021/05/6-19May2021.pdf,2021-05-20,12,5,مصرف اليقين - الفرع الرئيس ى طرابلس,محمد ابراهيم كامل الطقوق,كيك,EUR,65422.5,شركة املهام الستيراد املواد الغذائية
https://cbl.gov.ly/wp-content/uploads/2021/05/6-19May2021.pdf,2021-05-20,12,6,مصرف اليقين - فرع برج طرابلس,رفيق الصيد محمد سالم,مواد تنظيف,EUR,2200000,شركة واجهة ليبيا الستيراد مواد التنظيف
https://cbl.gov.ly/wp-content/uploads/2021/05/6-19May2021.pdf,2021-05-20,12,7,مصرف اليقين - فرع برج طرابلس,رفيق الصيد محم د سالم,معق م,EUR,2202000,شركة واجهة ليبيا الستيراد مواد التنظيف
https://cbl.gov.ly/wp-content/uploads/2021/05/6-19May2021.pdf,2021-05-20,12,8,مصرف اليقين - فرع برج طرابلس,عمر على عمر عامر,زيادة عدد مستخدمين,EUR,4838.23,مصرف اليقين
https://cbl.gov.ly/wp-content/uploads/2021/05/6-19May2021.pdf,2021-05-20,12,9,مصرف اليقين - فرع برج طرابلس,عمر على عمر عامر,JBI في االشتراك,EUR,16168.1,مصرف اليقين
https://cbl.gov.ly/wp-content/uploads/2021/05/6-19May2021.pdf,2021-05-20,12,10,مصرف اليقين - فرع مصراته,علي بشير علي االشهب,طماطم معجون,EUR,735376,شركة سناو الدولية الستي راد املواد الغذائية
https://cbl.gov.ly/wp-content/uploads/2021/05/6-19May2021.pdf,2021-05-20,12,11,مصرف اليقين - فرع برج طرابلس,عمر على عمر عامر,مقابل رسائل سويفت,EUR,601.2700000000001,مصرف اليقين
https://cbl.gov.ly/wp-content/uploads/2021/05/6-19May2021.pdf,2021-05-20,12,12,مصرف اليقين - ف رع برج طرابلس,عمر على عمر عامر,مقابل رسائل سويفت,EUR,435.62,مصرف اليقين
https://cbl.gov.ly/wp-content/uploads/2021/05/6-19May2021.pdf,2021-05-20,12,13,مصرف اليقين - فرع برج طرابلس,عمر على عمر عامر,مقابل رسائل سويفت,EUR,425.58,مصرف اليقين
https://cbl.gov.ly/wp-content/uploads/2021/05/6-19May2021.pdf,2021-05-20,12,14,مصرف اليقين - فرع برج طرابلس,عمر على عمر عامر,مقابل رسائل سويفت,EUR,60,مصرف اليقين
https://cbl.gov.ly/wp-content/uploads/2021/05/6-19May2021.pdf,2021-05-20,12,15,مصرف اليقين - فرع برج طرابلس,عمر على عمر عامر,مقابل رسائل سويفت,EUR,166,مصرف اليقين
https://cbl.gov.ly/wp-content/uploads/2021/05/6-19May2021.pdf,2021-05-20,12,16,مصرف اليقين - فرع برج طرابلس,عمر على عمر عامر,مقابل رسائل سويفت,EUR,166,مصرف اليقين
https://cbl.gov.ly/wp-content/uploads/2021/05/6-19May2021.pdf,2021-05-20,12,17,مصرف اليقين - الفرع ا لرئيس ى طرابلس,عبد الحميد محمد محمود عثمان,سرير ط بي,USD,1690000,شركة سماوة الستيراد املعدات واالدوية واملستحضرات الطبية ومستلزمات االم
https://cbl.gov.ly/wp-content/uploads/2021/05/6-19May2021.pdf,2021-05-20,12,18,مصرف اليقين - الفرع الرئيس ى طرابلس,عبد الهادي يوسف الهادي محمد,زيت عبد الشمس خام,USD,901705,شركة نبراس السالم لصناعة الزيت
https://cbl.gov.ly/wp-content/uploads/2021/05/6-19May2021.pdf,2021-05-20,12,19,مصرف اليقين - الفرع الرئيس ى طرابلس,محمد عبد السالم ابراهيم الفرجاني,طماطم معجون,USD,886257,شركة غذاء امللكة لتعبة وتغليف الطماطم معجون
https://cbl.gov.ly/wp-content/uploads/2021/05/6-19May2021.pdf,2021-05-20,12,20,مصرف النوران ـ فرع برج طرابل س االسالمي,جابر احمد محمد وهيبه,عصائر,USD,1011543.12,شركة غذاء النيل الستيراد املواد الغذائية
https://cbl.gov.ly/wp-content/uploads/2021/05/6-19May2021.pdf,2021-05-20,12,21,مصرف اليقين - الفرع الرئيس ى طرابلس,منذر الف اهم عيس ى الجربي,EVAPRATED MILK,USD,54149.6,شركة تزويد ليبيا الستيراد املواد الغذائية ذات مسئولية محدودة
https://cbl.gov.ly/wp-content/uploads/2021/05/6-19May2021.pdf,2021-05-20,12,22,مصرف اليقين - فرع برج طرابلس,عمر على عمر عامر,CHECK SCANNER,USD,21000,مصرف اليقين
https://cbl.gov.ly/wp-content/uploads/2021/05/6-19May2021.pdf,2021-05-20,12,23,مصرف الي قين - فرع برج طرابلس,رفيق الصيد محمد سالم,برامج حاسب ألي,USD,1360000,شركة الكترون أويا لخدمات الحاسب االلي وتقنية املعلومات
https://cbl.gov.ly/wp-content/uploads/2021/05/6-19May2021.pdf,2021-05-20,12,24,مصرف اليقين - الفرع الرئيس ى طرابلس,جمعة محمد جمعة بن نعمة,شاهي اخضر,USD,195228,شركة الروابي املتقدمة الستيراد املواد الغذائية
https://cbl.gov.ly/wp-content/uploads/2021/05/6-19May2021.pdf,2021-05-20,12,25,مصرف اليقين - ال فرع الرئيس ى طرابلس,سالم محمد احمد معتيق,صويا,USD,545000,شركة نهر الربيع لصناعة االعالف وطحن الحبوب
https://cbl.gov.ly/wp-content/uploads/2021/05/6-19May2021.pdf,2021-05-20,12,26,مصرف اليقين - الفرع الرئيس ى طرابلس,سعيد خليل حسن املروكي,مواد منزلية,USD,125831.75,شركة البهجة الستيراد املواد املنزلية
https://cbl.gov.ly/wp-content/uploads/2021/05/6-19May2021.pdf,2021-05-20,13,1,مص رف اليقين - فرع زليتن,محمد عمران ميالد الجحش,مستلزمات إنتاج وتشغي,USD,2937310,شركة وادي السنابل لصناعة االعالف وطحن الحبوب
https://cbl.gov.ly/wp-content/uploads/2021/05/6-19May2021.pdf,2021-05-20,13,2,مصرف اليقين - الفرع الرئيس ى طرابلس,محمد عامر محمد سالم,حديد مواد خام,USD,1075614,شركة السراج العالي املحدودة للصناعات الحديدية وتصنيع املواسير والخزانات
https://cbl.gov.ly/wp-content/uploads/2021/05/6-19May2021.pdf,2021-05-20,13,3,مصرف اليقين - فرع برج طرابلس,عاطف العماري احميدة الحداد,شاهي,USD,292842,شركة البرهان العاملية الستيراد املواد الغذائية واملواش ي واللحوم ذات امل سؤولية
https://cbl.gov.ly/wp-content/uploads/2021/05/6-19May2021.pdf,2021-05-20,13,4,مصرف اليقين - الفرع الرئيس ى طرابلس,عبد العزيز محمود أحمد الرويمي,مضخات,USD,178630,شركة مظلة ليبيا للخدمات النفطية الفنية الصناعية
https://cbl.gov.ly/wp-content/uploads/2021/05/6-19May2021.pdf,2021-05-20,13,5,مصرف اليقين - الفرع الرئيس ى طرابلس,املصر ي محمد املصري االفرك,هواتف محمولة,USD,1354700,شركة مليون موبايل الستير اد االجهزة الكهربائية والغير كهربائية وااللكترونية
https://cbl.gov.ly/wp-content/uploads/2021/05/6-19May2021.pdf,2021-05-20,13,6,مصرف ال يقين - الفرع الرئيس ى طرابلس,خيرية علي القايد شليبك,اثاث,USD,904814.51,شركة الريادة العالية لصناعة االثاث املنزلي واملكتبي
https://cbl.gov.ly/wp-content/uploads/2021/05/6-19May2021.pdf,2021-05-20,13,7,مصرف اليقين - الفرع الرئيس ى طرابلس,علي عبد السالم علي بنور,لصقة مواد بناء,USD,41904,شركة الذهبية الستيراد مواد البناء واملواد الصحية وملحقاتها الخيول
https://cbl.gov.ly/wp-content/uploads/2021/05/6-19May2021.pdf,2021-05-20,13,8,مصرف اليقين - الفرع الرئيس ى طرابلس,مروان عزالدين عبدهللا,انابيب بالستيك ية,USD,1228419,شركة البارقة لصناعة بالستيك واللدائن
https://cbl.gov.ly/wp-content/uploads/2021/05/6-19May2021.pdf,2021-05-20,13,9,مصرف اليقين - الفرع الرئيس ى طرابلس,سليم جمعة سالم البعيلي,خزانات بالستيكية,USD,973695,شركة الزهرة البرية الستيراد املواد الزراعية واالالت واملستلزمات وقطع غيارها
https://cbl.gov.ly/wp-content/uploads/2021/05/6-19May2021.pdf,2021-05-20,13,10,مصرف اليقين - فرع زليتن,عبدالعاطى ابراهيم على سويعد,حواسيب محمولة,USD,2250600,شركة دوريفا الجديدة الس تيراد األجهزة واملواد الكهربائية وغير الكهربائية وقطع
https://cbl.gov.ly/wp-content/uploads/2021/05/6-19May2021.pdf,2021-05-20,13,11,مصرف الي قين - الفرع الرئيس ى طرابلس,مروان عز الدين عبدهللا,مواد خام,USD,1653812,شركة البارقة لصناعة بالستيك واللدائن
https://cbl.gov.ly/wp-content/uploads/2021/05/6-19May2021.pdf,2021-05-20,13,12,مصرف اليقين - فرع زليتن,هاني محمد علي العاتي,غاز طهي,USD,202100,شركة التصميم الستيراد االجهزة واملواد الكهربائية والغير كهربائية وقطع غيارها
https://cbl.gov.ly/wp-content/uploads/2021/05/6-19May2021.pdf,2021-05-20,13,13,مصرف اليقين - الفرع الرئيس ى طرابلس,عمران جمعة سالم جمعة,بذور,USD,999487,شركة براعم الزهرة الستيراد املواد الزراعية واالالت واملست لزمات وقطع غيارها
https://cbl.gov.ly/wp-content/uploads/2021/05/6-19May2021.pdf,2021-05-20,13,14,مصرف اليقين - الفرع الرئيس ى طرابلس,عبد الهادي يوسف الهادي محمد,مواد خام زيت طهي,USD,1218396,شركة نبراس السالم لصناعة الزيت
https://cbl.gov.ly/wp-content/uploads/2021/05/6-19May2021.pdf,2021-05-20,13,15,مصرف اليقين - الفرع الرئيس ى طرابلس,عبدالحكيم صالح محمد سريح,أ كياس فارغة,USD,149800,شركة االتجاهات للمطاحن واألغالف
https://cbl.gov.ly/wp-content/uploads/2021/05/6-19May2021.pdf,2021-05-20,13,16,مصرف اليقين - الفرع الرئيس ى طرابلس,اكرم عادل محمد الدويهش,قطبان أملونيوم,USD,1142302,شركة الوجود الراقي الستيراد املواد الخام
https://cbl.gov.ly/wp-content/uploads/2021/05/6-19May2021.pdf,2021-05-20,13,17,مصرف اليقين - الفرع الرئيس ى طرابلس,اكرم عادل محمد الدويهش,حديد خام,USD,1541548,شركة الوجود الراقي الستيراد املواد الخام
https://cbl.gov.ly/wp-content/uploads/2021/05/6-19May2021.pdf,2021-05-20,13,18,مصرف اليقين - الفرع الرئيس ى طرابلس,معتز عزالدين عبدهللا,معدات طالء,USD,1697218,شركة العالي لصناعة الطالء ومشتقاته السرو
https://cbl.gov.ly/wp-content/uploads/2021/05/6-19May2021.pdf,2021-05-20,13,19,مصرف اليقين - فرع مصراته,محمد على ابوبكر الزبتة أبوحنك,نضائد مختلفة االحجام,USD,135044.03,شركة املنارة العاملية الستيراد وسائل النقل وملح قاتها
https://cbl.gov.ly/wp-content/uploads/2021/05/6-19May2021.pdf,2021-05-20,13,20,مصرف اليقين - الفرع الرئيس ى طرابلس,محمد عبد السالم ابراهيم الفرجاني,طماطم معجون,USD,976843,شركة غذاء امللكة لتعبة وتغليف الطماطم معجون
https://cbl.gov.ly/wp-content/uploads/2021/05/6-19May2021.pdf,2021-05-20,13,21,مصرف اليقين - الفرع الرئيس ى طرابلس,محمد عادل محمد,اعالف,USD,1241896,شركة مراعي ال غذاء لصناعة االعالف و طحن الحبوب و مشتقاتها
https://cbl.gov.ly/wp-content/uploads/2021/05/6-19May2021.pdf,2021-05-20,13,22,مصرف اليقين - الفرع الرئيس ى طرابلس,عزالدين عبدهللا محمد,اعالف,USD,1073164,شركة السهيل لصناعة االعالف وطحن الحبوب ومشتقاتها
https://cbl.gov.ly/wp-content/uploads/2021/05/6-19May2021.pdf,2021-05-20,13,23,مصرف اليقين - فرع برج طرابلس,حمزة مفتاح علي التومي,حليب مبخر,USD,62016,شر كة النرجس الستيراد املواد الغذائية
https://cbl.gov.ly/wp-content/uploads/2021/05/6-19May2021.pdf,2021-05-20,13,24,مصرف اليقين - فرع زليتن,عبدالناصر يوسف رمضان عبدالدائم,PLC اكسسوارات,USD,350339.7,مصنع اليرموك الحديث لصناعة األملونيوم
https://cbl.gov.ly/wp-content/uploads/2021/05/6-19May2021.pdf,2021-05-20,13,25,مصرف اليقين - فرع زليتن,مصطفى عمر علي ابشينه,آالت حصاد,USD,121815,شركة الحو افر الذهبي ة الستيراد اآلالت الزراعية وقطع غيارها
https://cbl.gov.ly/wp-content/uploads/2021/05/6-19May2021.pdf,2021-05-20,13,26,مصرف اليقين - فرع زليتن,حسين مفتاح حسين اشناق,مواد كهربائية,USD,219059,شرك ة الشركاء الستيراد األجهزة واملواد الكهربائية وغير الكهربائية
https://cbl.gov.ly/wp-content/uploads/2021/05/6-19May2021.pdf,2021-05-20,14,1,مصرف اليقين - الفرع الرئيس ى طرابلس,عبد الوهاب الصديق احمد الصديق,مواد خام اعالف,USD,1254807,شرك ة درب الفارس لصناعة االعالف ومشتقاتها
https://cbl.gov.ly/wp-content/uploads/2021/05/6-19May2021.pdf,2021-05-20,14,2,مصرف اليقين - فرع برج طرابلس,ميالد محمد علي الصفراني,حفارات هونداي,USD,417462,شركة الخليج االفريقي الستيراد االالت واملعدات الثقيلة وقطع غيارها
https://cbl.gov.ly/wp-content/uploads/2021/05/6-19May2021.pdf,2021-05-20,14,3,مصرف اليقين - فرع صرمان,طالل رمضان علي املصرى,زيت طهي,USD,256512,شركة كريستال الساحلية الستيراد املواد الغذائية و الفواكه
https://cbl.gov.ly/wp-content/uploads/2021/05/6-19May2021.pdf,2021-05-20,14,4,مصرف اليقين - الفرع الرئيس ى طرابلس,أكرم محمد مفتاح شلتات,سبائك ذهب,USD,1041250,شركة دار لؤلؤة لصناعة الذهب والفضة
https://cbl.gov.ly/wp-content/uploads/2021/05/6-19May2021.pdf,2021-05-20,14,5,مصرف اليقين - فرع مصراته,عبداملنعم محمد رمضان حمودة,لفات حديد مطلية,USD,221200,شركة زينور لصناعة الصاج املضلع املعزول
https://cbl.gov.ly/wp-content/uploads/2021/05/6-19May2021.pdf,2021-05-20,14,6,مصرف اليقين - فرع زليتن,هاني محم د علي العاتي,أفران,USD,188935,شركة التصميم الستيراد االجهزة واملواد الكهربائية والغير كهربائية وقطع غيارها
https://cbl.gov.ly/wp-content/uploads/2021/05/6-19May2021.pdf,2021-05-20,14,7,مصرف اليقين - فرع زليتن,عبدهللا مفتاح عبدهللا الصداعي,قض بان أسالك,USD,1176000,شركة االيادى الذهبية للصناعات الحديدية
https://cbl.gov.ly/wp-content/uploads/2021/05/6-19May2021.pdf,2021-05-20,14,8,مصرف اليقين - فرع زليتن,محمد عمران ميالد الجحش,مستلزمات إنتاج وتشغي,USD,1523900,شركة وادي السنابل لصناعة االعالف وطحن الحبوب
https://cbl.gov.ly/wp-content/uploads/2021/05/6-19May2021.pdf,2021-05-20,14,9,مصرف اليقين - فرع مصراته,اميرة عبدالقادر عبدالسالم العماري,مستلزمات اطفال,USD,171770.7,شركة الوقاية الستيراد املعدات الطبية و االدوية و املستحضرات الطبية و مستلزمات
https://cbl.gov.ly/wp-content/uploads/2021/05/6-19May2021.pdf,2021-05-20,14,10,مصرف اليقين - فرع زليتن,حمد محمد حمد عبدالسالم,هواتف محمولة,USD,425350,شركة اندر األولى الستيراد األجهزة وا ملواد الكهربائية وغير الكهربائية وقطع غيارها
https://cbl.gov.ly/wp-content/uploads/2021/05/6-19May2021.pdf,2021-05-20,14,11,مصرف اليقين - الفرع الرئيس ى طرابلس,محمد مسعود سالم الهادى أبو سته,قهوة حبوب,USD,156288,شركة ضياء الدولية الستيراد املواد الغذائية و املواش ي و اللحوم
https://cbl.gov.ly/wp-content/uploads/2021/05/6-19May2021.pdf,2021-05-20,14,12,مصرف اليقين - الفرع الرئيس ى طرابلس,عبد الهادي يوسف الهادي محمد,حليب مبخر,USD,875269,شركة اجواد املراعي لصناعة وتعبئة وتغليف املواد الغدائية
https://cbl.gov.ly/wp-content/uploads/2021/05/6-19May2021.pdf,2021-05-20,14,13,مصرف اليقين - فرع زليتن,فتحي مفتاح حسين اشناق,مستلزمات طبية,USD,38220,شركة ماجر الطبية الستيراد املعدات واملستلزمات الطبية
https://cbl.gov.ly/wp-content/uploads/2021/05/6-19May2021.pdf,2021-05-20,14,14,مصرف اليقين - فرع زليتن,انور فرج محمد امسلم,ذرة صفراء,USD,1340000,شركة الشروق الليبية للمطاحن واألعالف
https://cbl.gov.ly/wp-content/uploads/2021/05/6-19May2021.pdf,2021-05-20,14,15,مصرف اليقين - فرع زليتن,أحمد مصباح أبوالعيد ميحاط,شوكوال تة,USD,80200,شركة املعالي املتالقة الستيراد املواد الغذائية واملواش ي واللحوم
https://cbl.gov.ly/wp-content/uploads/2021/05/6-19May2021.pdf,2021-05-20,14,16,مصرف اليقين - فرع زليتن,عبدالعاطى ابراهيم على سويعد,هواتف محمولة,USD,2500000,شركة دوريفا الجديدة الستيراد األجهزة واملواد الكهربائية وغير الكهربائية وقطع
https://cbl.gov.ly/wp-content/uploads/2021/05/6-19May2021.pdf,2021-05-20,14,17,مصرف اليقين - الفرع الرئيس ى طرابلس,عبد الهادي يوسف الهادي محمد,أكياس بالستيك فارغه,USD,1268413,شركة الراعي الصغ ير لصناعة األعالف ومشتقاتها
https://cbl.gov.ly/wp-content/uploads/2021/05/6-19May2021.pdf,2021-05-20,14,18,مصرف اليقين - فرع زليتن,محمد عمران ميالد الجحش,مستلزمات تشغيل,USD,2713100,شركة وادي السنابل لصناعة االعالف وطحن الحبوب
https://cbl.gov.ly/wp-content/uploads/2021/05/6-19May2021.pdf,2021-05-20,14,19,مصرف اليقين - الفرع الرئيس ى طرابلس,مروان عزالدين عبد هللا البكاى,الواح املونيوم,USD,1258114,شركة باطن االرض الستيراد املواد الخام
https://cbl.gov.ly/wp-content/uploads/2021/05/6-19May2021.pdf,2021-05-20,14,20,مصرف اليق ين - فرع مصراته,محمد حسين محمد مادي,مستلزمات للجسم,USD,167244.8,شركة سولين الستيراد مواد الزينة والخردوات ومواد التنظيف
https://cbl.gov.ly/wp-content/uploads/2021/05/6-19May2021.pdf,2021-05-20,14,21,مصرف اليقين - الفرع الرئيس ى طرابلس,محمد ابراهيم كامل الطقوق,مصاصه حلوى,USD,37107.25,شركة املهام الستيراد املواد الغذائية
https://cbl.gov.ly/wp-content/uploads/2021/05/6-19May2021.pdf,2021-05-20,14,22,مصرف اليقين - الفرع الرئيس ى طرابلس,احمد احمد نشنوش بهلول,أرز,USD,26900,شركة أشفل الستيراد املواد الغدائية واملواش ي واللحوم
https://cbl.gov.ly/wp-content/uploads/2021/05/6-19May2021.pdf,2021-05-20,14,23,مصرف االندلس - فرع الرئيس ي,محمد عبداملج يد الصغير املسالتي,مواد خام,TND,212688,شركة املصدر الوطني لصناعة املنتجات الورقية والتغليف
https://cbl.gov.ly/wp-content/uploads/2021/05/6-19May2021.pdf,2021-05-20,14,24,مصرف االندلس - فرع الرئيس ي,محمد فضيل امغرغر حسين,مواد خام,USD,1115920,مصنع بيتا لصناعة مواد التنظيف
https://cbl.gov.ly/wp-content/uploads/2021/05/6-19May2021.pdf,2021-05-20,14,25,مصرف االندلس - فرع الرئيس ي,سعيد عبدهللا املنصوري,شكالطة,USD,60759.8,شركة إدران الستيراد املواد الغذائية واملواش ي واللحوم
https://cbl.gov.ly/wp-content/uploads/2021/05/6-19May2021.pdf,2021-05-20,14,26,مصرف االندلس - فرع الرئيس ي,محمد فضيل امغرغر حسين,مواد خام,USD,960050,مصنع بيتا لصناعة مواد التنظيف
https://cbl.gov.ly/wp-content/uploads/2021/05/6-19May2021.pdf,2021-05-20,15,1,مصرف االندلس - فرع الرئيس ي,محمد نور الدين محمود عبدالرحمن,رخام,USD,28136,شركة روبينا لصناعة الرخام و الجرانيت
https://cbl.gov.ly/wp-content/uploads/2021/05/6-19May2021.pdf,2021-05-20,15,2,مصرف االندلس - فرع الرئيس ي,منصور عمر جبران جبران,أثاث,USD,89800,شركة الربيع ا ألبيض الستيراد االثاث ومكمالته
https://cbl.gov.ly/wp-content/uploads/2021/05/6-19May2021.pdf,2021-05-20,15,3,مصرف االندلس - فرع الرئيس ي,عبد املنعم بشير عجاج,جبنة,EUR,79961.6,شركة الرسالة الستيراد املواد الغذائية
https://cbl.gov.ly/wp-content/uploads/2021/05/6-19May2021.pdf,2021-05-20,15,4,مصرف االندلس - فرع الرئيس ي,محمد حسن سالم حمر بطان,جبنة,EUR,84585.6,شركة بابل الخير الستيراد املواد الغذائية واملواش ي واللحوم
